id,part_id,variant_group_id,supplier,no_tax_price,purchase_special_invoice,purchase_general_invoice,oa_supplier_id,external_price_fields
44,1067,a02b6cc243aa403db3afe3df11f5af27,梯乎,3560.00,0.00,0.00,77,
45,1067,48e7020b43fe48dabc725f3c0ab56bf4,梯乎,2000.00,0.00,0.00,77,
47,460,cc6f1ecd62c142b4a4d67c4ec7ec26d3,菱威,21.00,24.00,,20,
52,9,997eb4bb90164b5491fad8c0d4663353,越沃,720.00,0.00,0.00,42,
53,9,8f9b4a37dc794d6aad0d805fe8de7704,越沃,720.00,813.60,,42,
54,9,997eb4bb90164b5491fad8c0d4663353,菱威,680.00,0.00,,20,
55,9,8f9b4a37dc794d6aad0d805fe8de7704,菱威,680.00,768.40,,20,
56,676,de2849cb65a84a3294deabaf97f006b2,众思创,420.00,420.00,420.00,9,
57,676,4f3623ced0574936a74f14f7d1e3e8be,众思创,430.00,430.00,430.00,9,
59,2516,5ce7978f05c64cb3ac48fd07a4476bfd,茂旺,530.97,600.00,0.00,10,"special,general"
71,5317,27b150c6041343c480aff88b835d930f,菱威,100.00,113.00,,20,
72,5319,a80b00d2701e41069c10ae32f17f393e,菱威,580.00,655.40,,20,
73,2391,925537da7b464081a101643191c5039e,新动力,750.00,847.50,,49,
74,2391,925537da7b464081a101643191c5039e,菱威,1000.00,1130.00,,20,
75,5320,c37cfe84512c4b2a923e04bb2d777c42,阿卡宋,1250.00,1250.00,1250.00,8,
76,5321,5e0a923b74284641b7dfbc8d7a1da862,菱威,1400.00,1585.00,,20,
77,5322,b92351880998439c87c3b08788625af4,菱威,400.00,452.00,,20,
80,5151,9eefffa6654c45c1900ddf8210a70ce6,茂旺,350.00,395.50,,10,
81,2595,5f831b136afd41cf8e030913564b3cc6,茂旺,400.00,0.00,0.00,10,
84,5323,d692d8c754b146d0ae5cd69d71f1727b,徽菱,55.00,0.00,0.00,28,
85,5324,42432ca0dadc4529af6a715eb407e8e5,梯乎,4800.00,0.00,0.00,77,
86,5324,42432ca0dadc4529af6a715eb407e8e5,徽菱,6800.00,0.00,0.00,28,
87,5324,82a2ce1da80a4a13bf3c8648e7cf7ea4,梯乎,2600.00,0.00,0.00,77,
88,5147,6ddea17bdac3472a9aeab1748d431b9a,茂旺,400.00,440.00,0.00,10,
90,5326,a399462a0732449a9c21dc2870cac280,湖州讯通,106.19,120.00,,103,
91,982,3be24d062da34775b31bf6f659c102c4,亿龙,46.90,53.00,,74,
92,2807,78cbcf31cd3144f693c55e1709cc38d5,茂旺,410.00,450.00,0.00,10,
98,1,4ad1ed6ff57143ab8f93e770fff5f842,湖州讯通,504.42,570.00,,103,
99,1,4ad1ed6ff57143ab8f93e770fff5f842,新动力,600.00,0.00,,49,
100,1490,520cc41843f242d0b9df29b1fc9ad8e9,梯乎,5000.00,5650.00,,77,
101,1490,6ba8260f182e4bccaaac38c6ce9fcd6d,梯乎,3500.00,3955.00,,77,
102,614,948cc82459a54df2b83b0da60f24d18d,梯安,0.00,0.00,,18,
103,5328,0cb969b42cb54c48a8cc5283c9843911,梯安,740.00,836.20,,18,
104,2382,dfcce91f6c774ed5aa501a7775c6cc7a,宏鑫,7787.61,8800.00,,64,
105,2382,63225b99cd7e4ef3b3a271b4fcc92e75,宏鑫,9557.52,10800.00,,64,
107,2382,dfcce91f6c774ed5aa501a7775c6cc7a,湖州讯通,8318.58,9400.00,,103,
108,40,69b1f3bb832e4d1095e48241ba9feb11,菱威,750.00,847.50,,20,
109,40,69b1f3bb832e4d1095e48241ba9feb11,越沃,780.00,881.40,,42,
110,4807,666617d675d74fd5a5e85ab34e196823,菱威,95.00,107.35,,20,
111,4807,666617d675d74fd5a5e85ab34e196823,越沃,105.00,118.65,,42,
114,5332,c1e34afbea044537a75bda634788a4ae,菱威,160.00,0.00,,20,
115,5333,99edbeef7e7c4802a73120fb883663ab,菱威,1700.00,0.00,,20,
116,5334,2614d2999d194412a090310c4bcec1cf,湖州讯通,1106.19,1250.00,,103,
117,5334,2614d2999d194412a090310c4bcec1cf,宏鑫,1150.44,1300.00,,64,
118,5335,ece12a6ab5714cc79584bcbdb3d99469,新动力,0.00,0.00,,49,
119,4161,ae586b80c96d4053937b8029354d6e59,越沃,1.50,1.69,,42,
120,4161,657266ff10384ed998c70f916b5bbd2c,大周,1.50,1.69,,52,
121,5336,08335558ba8443a1a3517694796d5f91,新动力,410.00,0.00,,49,
122,640,57351a2024124a6d9a7e06fa82ed33db,越沃,260.00,0.00,0.00,42,
123,640,57351a2024124a6d9a7e06fa82ed33db,菱威,220.00,0.00,0.00,20,
124,640,57351a2024124a6d9a7e06fa82ed33db,丽景恒泰,200.00,0.00,,84,
125,640,216e0a5f5f5d47e2aa91050778bdee6f,丽景恒泰,200.00,0.00,,84,
126,640,216e0a5f5f5d47e2aa91050778bdee6f,菱威,220.00,0.00,0.00,20,
127,640,216e0a5f5f5d47e2aa91050778bdee6f,越沃,260.00,0.00,0.00,42,
128,3245,c97a455a026b4ba386cee08afdd5efa5,菱威,90.00,101.70,,20,
129,5337,19b64202ec2a4e90926ad56876605a30,亿龙,75.00,0.00,0.00,74,
130,1866,cc3da5ff12804513b53947caaa5cabc7,菱威,65.00,73.45,,20,
131,4154,a4d8fc31239b48569fb036776e61c98e,亿龙,480.00,0.00,0.00,74,
132,4958,ce87717c4d0645eda13ca387ecbcfa24,菱威,55.00,62.15,,20,
133,1870,abdf12e3678b47db973c9bc82bfd784e,菱威,120.00,135.60,,20,
134,560,6e1bc3284f664e6fa19b4fc64c5f4e50,菱威,75.00,84.75,,20,
135,44,ffa840a0510a42f5a0c3e6873c59eaf9,宜电,25.49,28.80,,11,
136,4416,0c2513fa289f49178f0d7914ab1d4d97,宜电,47.79,54.00,,11,
137,3067,6e312a15b5b346f8b93b6bc6160d4207,菱威,33.00,37.29,,20,
138,3067,2e2f3d19997a40ec9a168f9e5ef2c377,菱威,14.00,15.82,,20,
139,515,17e9fd0c0ab245ff8c99edd7cd89fff7,菱威,59.00,0.00,,20,
140,5351,8d835923d0234609a97c6d87c277d66e,菱威,220.00,0.00,0.00,20,
141,5352,cff9659e9a27455d9dd4a3d2be784b3b,梯乎,160.00,0.00,0.00,77,
142,1867,1285287245214d769f81828ce9f7e1fe,菱威,1800.00,0.00,0.00,20,
143,5354,1b8c0b3a3c334e5893609d3397bccb0b,湖州讯通,2566.37,2900.00,,103,
144,5355,22995f51b103444491598dc887319b90,湖州讯通,1681.42,1900.00,,103,
145,5356,c465138aa09e49dfb70cf9c0bd2a06f1,宏鑫,6725.66,7600.00,,64,
146,5357,3105eab4dd4249c49663bbd8205ad28c,湖州讯通,220.35,249.00,,103,
147,5358,5bc8d9865c9f4c5c973ed8fc4bc418b4,菱威,370.00,0.00,,20,
148,5359,a0f419aceca7477d829f4e5c63faff6f,吉菱机电,1600.00,0.00,0.00,48,
149,2495,33da5a9e47b04e0fb854d93681a94cdd,菱威,110.00,0.00,,20,
150,2495,33da5a9e47b04e0fb854d93681a94cdd,越沃,100.00,0.00,0.00,42,
151,1111,4aa8e23c06f54c56921ae46e5ee6a4d9,菱威,1200.00,0.00,,20,
152,2619,8250ec757f304667abc1da71c88fbc8f,菱威,50.00,0.00,,20,
153,5360,d606d3ffb03748fcb08525460736d3d7,湖州讯通,220.35,249.00,,103,
154,5360,d606d3ffb03748fcb08525460736d3d7,宏鑫,300.88,340.00,,64,
155,2368,d3d65c3c6f354d04bf4eae106845a964,湖州讯通,650.44,735.00,,103,
156,2368,d3d65c3c6f354d04bf4eae106845a964,宏鑫,504.42,570.00,,64,
157,153,e57c6905e5ef4cce874100105a44a6a3,菱威,120.00,0.00,,20,
158,1668,a82b8030d1e14ec7b8148f89a06b2c5d,菱威,60.00,0.00,,20,
159,1710,e72fd3b350454b31ad6b0bcd5a21f114,菱威,110.00,0.00,,20,
160,5365,cdcb820972d74fc8ab345c94f4b710a1,梯安,1550.00,0.00,,18,
162,4147,52d1d96df6324fceabf41a31a9ffc8cc,菱威,110.00,0.00,,20,
163,3134,a1a377d6ce8a4f5f8414511279536f53,菱威,2000.00,0.00,,20,
164,3134,6997ba908b2c4d3c8ab1ea4b224227ee,菱威,1700.00,0.00,,20,
165,45,5bd2800288104e998a4d4472f6c4e2a2,宜电,0.00,0.00,,11,
166,1476,8b3cd42130ce4e85b80ddbb7cab8efb5,菱威,1710.00,0.00,,20,
168,64,9889241084a6475e96fdbff76d5b083d,菱威,210.00,0.00,,20,
169,2668,bfdfb958e9fb4bf89ea6c28d8220ef83,越沃,220.00,0.00,0.00,42,
170,2668,26137d4defbd4e00b5863c77d28a5a5b,菱威,390.00,0.00,0.00,20,
171,2668,26c56f37c6704dd6be21e797751e31cf,菱威,270.00,0.00,0.00,20,
172,184,f556e61ba7b34a84ab83ab12be23d6af,菱威,750.00,0.00,,20,
173,2127,9994b0a7db304ac790ae8c7d92888285,菱威,1320.00,0.00,,20,
174,2160,a94c1e1d45a74554935da5dbf0a2d977,菱威,1300.00,0.00,,20,
175,111,e7dc3ee1ef2c4c4f831746a238912339,宜电,191.15,216.00,,11,
176,4228,2222e50683824478951ce615627b8ec3,丽景恒泰,650.00,0.00,,84,
178,262,5e7f91ea6de74486adbbfe95a8f77669,菱威,2750.00,0.00,,20,
179,4228,e32107db92104adba1860e6c6e2ddf5c,丽景恒泰,1000.00,0.00,,84,
180,305,ae1a891d8f464898a463e6c702be514e,菱威,1900.00,0.00,,20,
181,3243,7be1865d55ef4de2a717b508e22b6841,菱威,135.00,0.00,,20,
182,595,a14a7df8d15c4134bcfe05175daaa4ff,菱威,1500.00,0.00,,20,
183,3243,29f4ed1e1d094d38be684b64ef56f1ef,菱威,100.00,0.00,,20,
184,605,e57f113f0efe41fe9e737caf21299e2a,菱威,1180.00,0.00,,20,
193,5094,87568c44f9eb4c12ac3966ebaacb6614,茂旺,389.38,440.00,,10,
200,12,4bbed862cb5a45d7bfe72d0fb4425a2d,菱威,60.00,0.00,,20,
201,14,7b018a0001c04ad3b1d5d85e0eec2736,菱威,35.00,0.00,,20,
202,35,eec071781dd34dd693aee3dd7fe6ba8b,菱威,105.00,0.00,,20,
203,35,eec071781dd34dd693aee3dd7fe6ba8b,越沃,115.00,0.00,0.00,42,
205,17,a807a02b26d7453da292cee37b12fe57,菱威,24.00,0.00,,20,
208,19,75fc8a23224f4812939f9d92b929413f,菱威,11.00,0.00,,20,
209,294,6708e9565d914145b6b7964f34f6685f,德威利,3.50,0.00,0.00,25,
211,69,1189d5f808424177bf8fbdfd909ab791,菱威,75.00,0.00,,20,
212,21,8b5febbd67c0465996650f7a9e766b40,菱威,160.00,0.00,,20,
214,739,b5a1212941ba4566b8272575782bde0d,梯安,8.00,0.00,,18,
215,22,2a7d333272814d169d98a84e19a1f658,菱威,24.00,0.00,,20,
216,2561,a218c17d0145464daae2bdf745433ea7,茂旺,646.02,730.00,,10,
217,24,6c26ea7b22944ac2bd929eeed4ed378f,菱威,54.00,0.00,,20,
218,3216,7fe4521c8b254690aa33cc526e8a46f9,茂旺,911.50,1030.00,0.00,10,
219,24,4cececf6647448a98641c23b06e9240e,菱威,54.00,0.00,,20,
220,5,2189a28f2103493fa514acadc09d8f4e,梯安,2700.00,0.00,,18,no_tax
221,50,70d208bd137945bb8e7439a4b58b35c9,梯乎,950.00,0.00,0.00,77,
222,2500,030c2567f21349a6a9dfe1d10963c667,茂旺,840.71,950.00,,10,
223,50,70d208bd137945bb8e7439a4b58b35c9,徽菱,1050.00,0.00,0.00,28,
224,2559,41851d0c40284ff4bb287a5bb5879719,茂旺,1100.00,0.00,0.00,10,
225,50,730360e0ad3048778375021363c571c3,梯乎,100.00,0.00,0.00,77,
226,50,730360e0ad3048778375021363c571c3,徽菱,90.00,0.00,0.00,28,
227,3272,ce5e08f8d7d64973a1b772051c2e71e1,茂旺,500.00,565.00,,10,
229,51,2e9eeb59d5b842e7ae4acd596bb581fd,梯乎,1450.00,0.00,0.00,77,
230,51,2e9eeb59d5b842e7ae4acd596bb581fd,徽菱,2200.00,0.00,0.00,28,
231,2504,d963573a32fc4f1d94ccac25241c6808,茂旺,380.00,0.00,,10,
233,2233,a136b8047de74fb3a2d21fa9e128f5c1,宏鑫,1150.44,1300.00,,64,
239,2597,6e12701e1ed54ea78874c14100d23ef3,茂旺,530.97,600.00,,10,
241,5088,d9df58c9b0cd4ed291005c8e2da935cb,茂旺,450.00,0.00,,10,
243,5090,f5d7cc41fbb2400eacaad84dd24dad25,茂旺,550.00,621.50,,10,
244,5101,fd33b8e75e46471fa69912a659b3e323,茂旺,380.53,430.00,,10,
246,2736,55d9f70103524f018ce478b8ad3e2d7f,茂旺,380.00,430.00,,10,
247,5147,fd92c7efca0d4d38bf974fac851f56d8,茂旺,389.38,440.00,,10,
248,5315,10d25f24478a47a5a7bf3ec44506e518,茂旺,7200.00,0.00,,10,
251,5125,937aad963bae481283edc2bdf33339f8,茂旺,353.98,400.00,,10,
252,2828,9fba3f06be2043618f2a0326b34ceb44,宏鑫,1150.44,1300.00,,64,
253,5127,abef2d19cd30486fa41b75fe4e96dd92,茂旺,380.53,430.00,,10,
254,2835,3f673183080a4a3caff1b462bf873f34,宏鑫,1814.16,2050.00,,64,
255,3655,96ea2dc7eb974dbd963c87a6d9d32f2f,茂旺,389.38,440.00,,10,
256,25,c07e545b39744660ba0c6658a61606f4,菱威,110.00,0.00,,20,
257,5366,c7db041ed6e3429abbb2f256dbcc1bbf,菱威,180.00,0.00,0.00,20,
258,5366,c7db041ed6e3429abbb2f256dbcc1bbf,越沃,260.00,0.00,0.00,42,
259,5367,65965919822a4c38af314a87c70bf4ea,菱威,1250.00,0.00,,20,
260,5102,1608f747aae5463f88d924535f135056,茂旺,400.00,452.00,,10,
261,5103,0c799f9dde8c4d548f9c2d2de45c805f,茂旺,398.23,450.00,,10,
262,1186,bd4108e4e97e42d9bb64cd4d44687911,菱威,360.00,0.00,,20,
264,5106,e3041eef5fe1418fb7ae55f34679cc5f,茂旺,398.23,450.00,,10,
265,5110,a93dac4a2f804c3584405a5504ed42eb,茂旺,371.68,420.00,,10,
266,5100,b0bb43f1002849b28bbf16c700a5ad94,茂旺,420.00,0.00,0.00,10,
267,5368,e5fee2e3252d4cc7bdd537c29986191d,菱威,190.00,0.00,0.00,20,
268,5368,e5fee2e3252d4cc7bdd537c29986191d,越沃,195.00,220.35,,42,
269,2507,0c6de1cedb9046b0955a1bbca18ad7ab,茂旺,380.00,0.00,,10,
270,2514,8d21e67abd0048cc957383e580955d22,茂旺,398.23,450.00,,10,
272,2519,fd9dccb0add54f23bb83ed180404bafd,茂旺,690.27,780.00,,10,
273,5369,d0eb26069e3f4d02926b83bc444f6ded,菱威,495.00,0.00,,20,
274,2522,f2d7fab73daf44be86d869c99b78638f,茂旺,637.17,720.00,,10,
275,2540,1e377ed1184841aebc29c871b85ccfb1,茂旺,1150.00,0.00,0.00,10,
276,2543,f279e6702e2946fe943cdcbc1cea9c45,茂旺,469.03,530.00,,10,
277,5370,6a354f98018a4f3f8789db9af7bd889f,新动力,50.00,0.00,,49,
278,2544,4ddd275a6c334dd2baf4e7599217bd42,茂旺,778.76,880.00,,10,
279,660,f28fff57c32a49739edf8a4c7603f1c4,宜电,30.97,35.00,,11,
280,52,5e02db7d0be44c6ea017b473963cd32a,梯乎,2300.00,0.00,0.00,77,
281,52,5e02db7d0be44c6ea017b473963cd32a,徽菱,2200.00,0.00,0.00,28,
282,52,1f7325375e1a420f878f2aba76c75863,徽菱,1050.00,0.00,0.00,28,
283,52,d21106ed27b440d2b8e503d944d100e9,梯乎,1500.00,0.00,0.00,77,
284,5372,6f68ba0be39e4263aae8a292a304475f,菱威,220.00,0.00,,20,
285,5372,6f68ba0be39e4263aae8a292a304475f,宜电,176.99,200.00,,11,
286,87,56d1c923c3b14affbb6e22cfab4e857e,梯乎,125.00,0.00,0.00,77,
287,87,56d1c923c3b14affbb6e22cfab4e857e,徽菱,120.00,0.00,0.00,28,
288,660,f28fff57c32a49739edf8a4c7603f1c4,菱威,44.00,49.72,,20,
289,87,14a6da9a85b443af8a69afb48633af32,梯乎,50.00,0.00,0.00,77,
290,91,e7d084f28ab341358c52fae335afc4cc,徽菱,260.00,0.00,0.00,28,
291,2097,980300c6dc6a42b5ae345fb93ad77592,龙奥机电,104.42,118.00,,95,
292,91,59ec8b076cb943408d7401ffc6bb6649,梯乎,415.00,0.00,0.00,77,
293,75,6db49ec5e3f84a5a9974c822bb1f775b,菱威,40.00,0.00,,20,
294,77,c960d70bc31745af97365e4d50675a60,菱威,220.00,0.00,,20,
301,93,f402441b624e44378f13c5e70c7e6904,梯乎,1500.00,0.00,0.00,77,
302,93,f402441b624e44378f13c5e70c7e6904,徽菱,1500.00,0.00,0.00,28,
303,93,30007c4bde2740e2bde79aa45486bf50,徽菱,650.00,0.00,0.00,28,
304,93,db2829dc06ce43e0a78ca4e3c30342d4,梯乎,850.00,0.00,0.00,77,
305,5145,b39f72fc3cc94c0280f1fb344ce7c992,茂旺,350.00,0.00,,10,
307,5164,ed47f8c180024cccaa9212cadca8d0be,茂旺,442.48,500.00,,10,
308,5228,9fbcc406e3d8464bacf0e2e8d855d7fc,茂旺,442.48,500.00,,10,
309,5162,4ff6489f15c741f18d39f052eec2953f,茂旺,398.23,450.00,,10,
310,5160,e08b0bdd96f243fa9a12942d99ebf53d,茂旺,400.00,0.00,,10,
311,5149,a20186bcb5da4590ab405ea730d40d38,茂旺,398.23,450.00,,10,
312,5143,b67616305a4d405ea9da2499159bcc10,茂旺,398.23,450.00,,10,
313,5140,1d1d3c651a6a4d4b9f8d03798aac9dd6,茂旺,415.93,470.00,,10,
314,5139,8c529108e3354a6a960829037ead78b2,茂旺,398.23,450.00,,10,
315,5138,8b31e8a3812e4fa0b23ab171d2374279,茂旺,380.53,430.00,,10,
316,5130,fc816dc5e1404326956d00281cd6e950,茂旺,398.23,450.00,,10,
317,5129,456d2f3827ad4451a394ff1b4bcb863e,茂旺,398.23,450.00,,10,
318,5121,8c51a3ff72b3426d9357a33d505672a4,茂旺,486.73,550.00,,10,
319,5119,cf3d806d7bc54416adb95f3b13a12873,穆勒,575.22,650.00,,41,
321,5119,2e3e63809d2f468c9d5d8fdb964a98dd,茂旺,424.78,480.00,,10,
322,5117,d8b9035a28464af681275e11056d980d,茂旺,398.23,450.00,,10,
324,4946,340678b9b44b4b66b73ddd264fe455c4,展力,398.23,450.00,,5,
325,4992,39dee86ead174a02b350b2420285fca0,茂旺,424.78,480.00,,10,
326,5257,61e048939a2743c69061381bdce9f323,茂旺,530.97,600.00,,10,
327,5258,9553b4a8599642719ee2ea51a3a38018,展力,495.58,560.00,,5,
328,5255,46412cbd7d71434a92f7a97feb0babb4,茂旺,530.97,600.00,,10,
329,5260,5793fca3a26b49d38e9c0fe533ad5906,茂旺,495.58,560.00,,10,
330,5256,81e46234535942858748beca57ae4a14,茂旺,513.27,580.00,,10,
331,5259,69c9feb1cd9c4079aa113c8e5cdff376,展力,469.03,530.00,,5,
332,4984,9a06c89a576541fe9fe608c38cd0519f,展力,469.03,530.00,,5,
333,4986,0f4fb15fc722472b948d5bad01edce69,茂旺,424.78,480.00,,10,
334,4985,00c8216a408e4c5ca689f89aea908de9,茂旺,469.03,530.00,,10,
335,4987,73884a3d985848199cc7ac47574faae8,茂旺,424.78,480.00,,10,
336,4983,c2d1f6822d384a35994c49eb041bb553,茂旺,575.22,650.00,,10,
337,4988,2d82e2075b634626babcbb8523a9612c,茂旺,646.02,730.00,,10,
338,5002,9d3053cf88c14d82982def5e4d4d5fe8,茂旺,550.00,0.00,,10,
340,5249,ab33b2b416134ae1ada69f81a480bd53,茂旺,557.52,630.00,,10,
341,5262,7d21d19f3a7e45dfbf71c05dc8e3e833,展力,539.82,610.00,,5,
343,4945,4c0e13ffc23149649b7706fcad350d70,展力,601.77,680.00,,5,
344,4989,98f39201fa1a4054934c227292d32745,茂旺,548.67,620.00,,10,
345,5239,2ee4d97c2dad42f6b218d517f53eac3c,茂旺,601.77,680.00,,10,
346,5240,cdf0e12d6b9643d396cb751fd3f16119,展力,637.17,720.00,,5,
347,4949,937fd5103fb34b0e93b58d84cb70edc2,展力,513.27,580.00,,5,
348,5003,2620c8cfcdff41f1931131b3195b90f1,茂旺,650.00,0.00,,10,
349,4948,cf9baf436cdd4693ae7afcb3f648e63a,展力,530.97,600.00,,5,
350,4995,93f0e4358cc74711945e24d7711029b5,茂旺,592.92,670.00,,10,
352,4947,657f5aac62ed4eba9db0316302e1d747,展力,530.97,600.00,,5,
353,4994,76e224c42584431c856dd76cf9a41e84,茂旺,584.07,660.00,0.00,10,
354,4753,3a5d38a8445f43b1967c1986701e13a0,梯安,4150.00,0.00,,18,
355,4753,3a5d38a8445f43b1967c1986701e13a0,菱威,4100.00,4633.00,,20,
356,3095,0c7cddfe7d794ef0a808ece7aeeb3f9e,梯安,4400.00,0.00,,18,
357,3095,f356839677ac4a52a32f2923b020650d,梯乎二手,500.00,565.00,515.00,88,
358,1521,75310ad27f924b5f8d96aa2dfaf0db2c,梯乎,3500.00,0.00,0.00,77,
359,1521,3b65d009f9cb42e19c38defb1f8dff10,梯乎,2200.00,0.00,0.00,77,
360,250,e3ab689e388047038d794ae660832fb3,梯乎,3500.00,0.00,0.00,77,
361,250,3ba008ab358e4a0181abcebe8086048e,梯乎,2000.00,0.00,0.00,77,
362,1378,bae48b69c7e84fefbc24d6837d3396f5,梯乎,3500.00,0.00,0.00,77,
363,1378,26f8ab18af1647949e2920d6bff840eb,梯乎,2000.00,0.00,0.00,77,
364,4196,b04c35543ea24f4a8559209f273509f7,梯乎,3500.00,0.00,0.00,77,
365,4196,cad0438304174a77ba7bf90b4bf83d9c,梯乎,2000.00,0.00,0.00,77,
366,1288,f2b840229e1d4f118ac6fbe61e790fe7,梯乎,6500.00,0.00,0.00,77,
367,1288,bf63c67134d94cfa9f25b2513340c5e3,梯乎,1500.00,0.00,0.00,77,
368,4892,d3110c1a781f431699732090214e3146,梯乎,14900.00,0.00,0.00,77,
369,4892,3b05e56d93c14671b37fe92386a6f9cb,梯乎,4500.00,5085.00,,77,
370,4890,40757c3877bb48b39da5fac68ed9f2cb,梯乎,13000.00,0.00,0.00,77,
371,4890,8ec6b4b9e55149c6ab3efdf69e8badd9,梯乎,4500.00,0.00,0.00,77,
373,1325,174e9ee5ea5d4ae493a00fe9b818f196,梯乎,5500.00,0.00,0.00,77,
374,1325,4b8b353bc4a24ac0b5cc94018f0101a6,梯乎,900.00,0.00,0.00,77,
375,2971,d2d5dc938fa047f4a683a02947897c60,菱威,1560.00,0.00,,20,
376,5374,ffbada1685164304959946de31316277,新动力,450.00,0.00,,49,
377,2971,f123991781804d3c8b3c2de3c6690239,菱威,1400.00,0.00,,20,
378,1175,5ce80a90e722458b90fa77e88523a149,菱威,125.00,0.00,,20,
379,2231,5e93d681b50d4ba9822d4a9251e5a78a,宏鑫,1380.53,1560.00,,64,
380,2231,5e3eba94a4024769adff501e18c50b1f,湖州讯通,1150.44,1300.00,,103,
381,4335,8992f70e9c20406ebe95fd5613d62da7,菱威,1800.00,0.00,,20,
382,4335,8992f70e9c20406ebe95fd5613d62da7,越沃,2500.00,0.00,0.00,42,
383,4335,8992f70e9c20406ebe95fd5613d62da7,南希,1700.00,1921.00,1751.00,67,
384,580,55b8dcb6d8bf402a986f35d508f179c8,菱威,1000.00,0.00,,20,
385,4087,cb74258ce9ba46e5a5b052a61d073496,吉菱机电,3700.00,0.00,,48,
386,4042,81c1dc273bef439685e25b2d08326a8c,徽菱,5300.00,0.00,,28,
387,4042,7467b48564ec4d8e93a42649fbabc8d3,梯乎,500.00,0.00,0.00,77,
388,4173,2b26cb96c97d496cbb13d66de10ec06f,梯乎,3800.00,4294.00,,77,
389,4173,5802add1ed6d47958e78c294fef6630e,梯乎,5000.00,5650.00,,77,
390,1150,7063d202135245dbaca3664d0443eda9,梯乎,0.00,0.00,0.00,77,
391,1150,04ce39f2d3c24204a14be32777a7326c,梯乎,0.00,0.00,0.00,77,
392,2905,be9001c19b5f46669cca8be15dc9175f,梯乎,5200.00,5876.00,,77,
393,2905,995942c98221449aa7ad827b9b23a3d4,梯乎,800.00,904.00,,77,
394,3305,3dbd30e1fd2049368529a4e70593a5d1,梯乎,0.00,0.00,0.00,77,
395,3305,e85af3c38f07433a9d1b745e4d3cc222,徽菱,7200.00,0.00,,28,
396,2727,f2918f4fec3c4aff97be54a7f5d6c4ac,梯乎,4200.00,4746.00,,77,
397,2727,4a8ac2b8081442b4a93ed2abc129a868,梯乎,2800.00,3164.00,,77,
398,1048,29cbc8892a514592b4aa1970a6aa94ee,梯乎,4200.00,0.00,0.00,77,
399,1048,00d3d29a8712454e9b3dc6d749566a00,梯乎,1700.00,0.00,0.00,77,
400,4037,5266c11e23cb4e068a5b2501819d9a84,梯乎,4200.00,0.00,0.00,77,
401,4037,0ee712ef2d364884b6e86714b87b0053,梯乎,1700.00,0.00,0.00,77,
402,4738,280ca1cd416145449ab222c0b36ea7da,徽菱,5200.00,0.00,0.00,28,
403,4738,280ca1cd416145449ab222c0b36ea7da,梯乎,4200.00,0.00,0.00,77,
404,4738,acf0c6dec48f4eb1ac448274090952c4,梯乎,1700.00,0.00,0.00,77,
405,414,7bc3e0fe983c4370a91b58e18e454521,梯乎,200.00,0.00,0.00,77,
406,414,d32ad426ca1b42fa84b71426a3d54817,梯乎,3500.00,0.00,0.00,77,
407,4637,39fed880ae2f4d629174a05a43056a84,梯乎,0.00,0.00,3500.00,77,
408,4637,c14c106871ad4c4fa253175f78f3abf0,梯乎,0.00,0.00,2000.00,77,
409,1526,c5e073cd92db4c9eb69e94867cf49e26,梯乎,3500.00,3955.00,,77,
410,1526,d0db9fc03fea4569a276900be5ef75bc,梯乎,200.00,226.00,,77,
411,1206,b4ea6abb69214e13929748350cc3424d,梯乎,3500.00,0.00,0.00,77,
412,1206,c565f62005904ae0b841e7cc983b25c7,梯乎,2000.00,0.00,0.00,77,
413,5065,7ee81644aa8241c3aa511720c96ce9cc,南希,6500.00,7345.00,6695.00,67,
414,5065,c4080a51f11b4f1396a163467d227ab0,南希,3500.00,3955.00,3605.00,67,
415,5062,d41f318024334c3e903b8a49e7c60d56,南希,6500.00,0.00,,67,
416,5062,8cde63c1f6cc458b9522d2d743cb804e,南希,3500.00,0.00,,67,
417,3120,8b69ccc5570240829d682a51d8db2a65,南希,6500.00,0.00,,67,
418,3120,88e021a2e4e6415ab384c5559de99528,南希,2000.00,2260.00,2060.00,67,
419,3138,8cdb41ccc59f4f68aa6bfb002f274ca4,丽景恒泰,1600.00,0.00,0.00,84,
420,2866,388755fbb42047d59e7d151204dceda8,菱威,750.00,0.00,,20,
421,3402,804a045298d14208b8a9fa6f440e286f,徽菱,60.00,0.00,0.00,28,
422,3402,7fee595c92854df69e6e3e85469c83b8,徽菱,40.00,45.20,40.80,28,
423,4607,f4662eaeb79048d0b523a449f7e0ab14,宏鑫,113.27,128.00,,64,
424,4607,f4662eaeb79048d0b523a449f7e0ab14,湖州讯通,150.00,0.00,,103,
425,3902,3fd10d35b95340c3ac5020922712c523,宏鑫,442.48,500.00,,64,
426,3902,825f432a6f5f4a848e909891bb907be9,湖州讯通,217.70,246.00,,103,
427,2022,5afa93bcafd5439ca155c67481f95646,徽菱,60.00,0.00,,28,
428,2022,0146a748faca46a8a82e06132c82f53b,徽菱,40.00,45.20,40.80,28,
429,3050,99aa8c9213cc4389b5e1456756d6c2f9,众思创,256.64,290.00,,9,
430,2570,fdd5fd19ad7840fdb8fe3d4245d51363,众思创,221.24,250.00,,9,
431,3079,e011ae6df1724057b74d07fe74cdcc08,众思创,212.39,240.00,,9,
432,1610,cbf97d071b214d2ca3324e73732cafdf,众思创,265.49,300.00,0.00,9,
433,4570,181d65b48ae644858d4a1ba12109f57d,梯乎,0.00,0.00,900.00,77,
434,4570,181d65b48ae644858d4a1ba12109f57d,徽菱,800.00,0.00,,28,
435,110,d72e6b428cbc4d7ebabb1b52a6431bb3,众思创,278.76,315.00,,9,
436,534,240d3307e6644f3e88c3a12f06c8bcd5,门科,180.00,0.00,,4,
437,4183,5cf344c815a3441ab906b86351cc5386,众思创,318.58,360.00,0.00,9,
438,4749,364fe56744d3439795c594f91b7ecfa6,众思创,261.06,295.00,0.00,9,
439,1327,8639b92d7df04d95920a8cff9c6f6608,众思创,362.83,410.00,,9,
440,5210,6cd09265e06e4f3db2270f7cc03f7a5d,众思创,292.04,330.00,,9,
441,4188,db32592f0fee4e9bae574d1f83242ea7,众思创,353.98,400.00,,9,
442,5375,78af9a6d509e47cf9cee407f29198d9b,南希,15.00,0.00,0.00,67,
443,4181,04b702ec3e4d4a748d7366a448f7604f,众思创,424.78,480.00,,9,
444,4181,04b702ec3e4d4a748d7366a448f7604f,菱威,500.00,0.00,,20,
445,5376,0cbdd9333b3248ab9cddc6df04a3555b,菱威,120.00,0.00,,20,
447,630,f8bf36e53174452391cb087574cc4926,菱威,130.00,0.00,,20,
448,521,84f4678114ab40b9b0396d02c68ec01c,菱威,105.00,0.00,,20,
449,172,402e1ad733e348a7a397c2d137d21a87,菱威,90.00,0.00,,20,
450,164,eccbe2c0d112448094bc49c79ed4d448,众思创,371.68,420.00,,9,
451,164,6b5fe04dfc9a45d3b7889743f7f8bd71,众思创,486.73,550.00,,9,
452,1663,59b7c8ec32b142d7b5976f6773d5a171,徽菱,450.00,0.00,0.00,28,
453,1663,beff9e08ed164435814b19352e0294f0,徽菱,160.00,0.00,0.00,28,
454,4331,445de9863e254c65bf5b401c541c869f,南希,400.00,452.00,412.00,67,
455,4331,445de9863e254c65bf5b401c541c869f,菱威,450.00,508.50,,20,
456,3662,0f84604848624ba0a8fdc5b3bc2bbb38,梯乎,3300.00,3729.00,,77,
457,3662,c5f5f162fe3e41eaacb7742981e60eda,梯乎,2300.00,2599.00,,77,
458,4166,83544b14de6146b4b2a4e8b864408741,梯乎,3300.00,3729.00,,77,
459,4166,6f13c5857ec141389d0a04d88846ae3e,梯乎,2300.00,2599.00,,77,
460,4939,2fcb1fdef7514d2382aaa8075be2ec4d,五龙,796.46,900.00,,46,
461,4678,60f6c620b7ea4e73a2c93af304ba78a6,南希,5700.00,6441.00,5871.00,67,
462,1875,ab7c56b588a04d1d94d38ae46bad90b5,菱威,4400.00,4972.00,,20,
463,1875,4ea42b858db04f7eb9f65e7537ad7a86,菱威,4400.00,4972.00,,20,
464,2872,9ba2853ca4484b49869eef72138a19c4,吉菱机电,2800.00,3164.00,,48,
465,2872,00ae517714eb4585a6acfbcfb28cd332,吉菱机电,1800.00,2034.00,,48,
466,4079,8a9dbdde060c46b7a7250b992c6250f4,吉菱机电,3200.00,3616.00,,48,
467,4079,80d4928f3bad42e6879988d3811f3d74,吉菱机电,1150.00,1299.50,,48,
468,4827,ca6120df3b2b4568bf12dee414bbc00b,菱威,65.00,0.00,,20,
469,4827,b12a3661a6d54bb4bbf4e54d3b2a70f4,菱威,135.00,152.55,,20,
470,3824,3e34c1141c71494c962142e57d9f5cf0,菱威,110.00,124.30,,20,
471,2048,57dffa75fe9946e5ba6d634a84d2a430,越沃,245.00,276.85,,42,
472,2048,c7039f174b2a459cacdb1d5e23a1fd6e,菱威,200.00,226.00,,20,
473,2439,b5d4056a48004550a3b35b292ef297b1,菱威,360.00,406.80,,20,
474,5359,a0f419aceca7477d829f4e5c63faff6f,新动力,1750.00,0.00,,49,
475,2458,5c414149259948809d05e196eaa59153,菱威,170.00,192.10,,20,
476,2767,d2659a4fad424defb943c1a125207185,梯乎,1480.00,0.00,0.00,77,
477,2767,d2659a4fad424defb943c1a125207185,徽菱,1300.00,0.00,0.00,28,
478,1631,573747e3640b45d0a4ecf281b34dff5f,龙奥机电,148.67,168.00,,95,
479,5362,50d27972a09f44c69b675d83cc56216e,丽景恒泰,260.00,0.00,,84,
480,5362,50d27972a09f44c69b675d83cc56216e,菱威,490.00,0.00,,20,
481,4395,e6fe238cd6a54c17b72ab2a0c2d1d407,菱威,33000.00,37290.00,,20,
482,5364,baaee8ac264c46d4a75d019f575adb1c,菱威,660.00,0.00,,20,
483,1203,dcd4c669fb7c41c8907fad01a34f7e42,菱威,5500.00,6215.00,,20,
485,94,28db810742d54835af574da63db86346,梯乎,1160.00,0.00,0.00,77,
486,94,28db810742d54835af574da63db86346,徽菱,1250.00,0.00,0.00,28,
487,94,f32d5f81406d4833917c925a2e654ced,徽菱,450.00,0.00,0.00,28,
488,4483,95b6a0df49fd48c5ba3342968dc72308,宏鑫,1221.24,1380.00,,64,
489,4483,95b6a0df49fd48c5ba3342968dc72308,湖州讯通,902.65,1020.00,,103,
490,1203,dcd4c669fb7c41c8907fad01a34f7e42,越沃,9400.00,10622.00,,42,
491,95,bc6e208ef7244652876a609aa7aecc36,徽菱,1070.00,0.00,0.00,28,
492,934,490764caa27a41d4929062d56379a89f,菱威,5500.00,0.00,,20,
493,95,eba2174bb00c424482a678d6fc578e1a,梯乎,240.00,0.00,0.00,77,
494,934,3aafe7b497c043258847ccd8876b1bfd,菱威,4200.00,4746.00,,20,
495,95,bc6e208ef7244652876a609aa7aecc36,梯乎,500.00,0.00,0.00,77,
496,4240,1d3abb00cf624559915fa50cfa69524a,宏鑫,2433.63,2750.00,,64,
497,4240,1fad56d06cc449688eaf113a93d5b42e,湖州讯通,3097.35,3500.00,,103,
498,5174,974cadfef6fe4ee7aa9cf44800110331,菱威,6000.00,6780.00,,20,
499,5174,2940814a3b2e437fbdf0120cb5ca7739,梯乎二手,1400.00,1582.00,1442.00,88,
500,4426,52335dd8fd6f4d5eb6b32ce51c25ff7b,湖州讯通,7123.89,8050.00,,103,
501,4426,fd3a5febc4074ece99ef84ebf29bf104,梯乎二手,2000.00,2260.00,2060.00,88,
502,1495,7a0d8228fd11435ea58e9d8c1fd799f3,菱威,13800.00,15594.00,,20,
503,1495,bfa0e7f4831241079a11e2f092c1163c,菱威,9500.00,10735.00,,20,
504,4712,e284be6bde0c4733a275be657eab1df3,菱威,3250.00,3672.50,,20,
505,4712,e284be6bde0c4733a275be657eab1df3,越沃,2400.00,2712.00,,42,
506,58,327e228c70654e11be79b63531450b55,菱威,2350.00,0.00,,20,
512,2477,e28ec6288cc543bd90dd1f1e64dd35c9,菱威,11500.00,12995.00,,20,
513,2279,36efa594de544a3bae158049c2b9f7a7,梯安,3550.00,4011.50,,18,
514,2279,718dc3d00d8543829257f458e0006d5b,梯安,2300.00,2599.00,,18,
515,2279,36efa594de544a3bae158049c2b9f7a7,菱威,2700.00,3051.00,,20,
516,3878,0e8d47f4ca9c41f5ae2e396db6e78360,菱威,3400.00,3842.00,,20,
517,4975,eeec5d68b6744c13a40a0bd8d095034a,湖州讯通,3539.82,4000.00,,103,
518,4975,eeec5d68b6744c13a40a0bd8d095034a,宏鑫,5929.20,6700.00,,64,
519,4975,914fe48fcb5045e982d443094d51e063,宏鑫,4159.29,4700.00,,64,
520,4975,914fe48fcb5045e982d443094d51e063,亿龙,4000.00,4520.00,4040.00,74,
521,4975,3989d2d639344027a446eb65785a90ac,湖州讯通,5663.72,6400.00,,103,
522,4975,3989d2d639344027a446eb65785a90ac,宏鑫,5486.73,6200.00,,64,
523,4562,db55c7f39b114e7cb09582782c7ed607,梯安,8800.00,9944.00,,18,
524,4562,db55c7f39b114e7cb09582782c7ed607,菱威,9550.00,10791.50,,20,
525,1356,2d374eca6f9742ca9955d79d12695e61,菱威,7800.00,8814.00,,20,
526,218,1d46536bdea543929b4fc96b2f6ff9e4,龙奥机电,5929.20,6700.00,,95,
527,218,1d46536bdea543929b4fc96b2f6ff9e4,菱威,4950.00,5593.50,,20,
528,282,f0323abe531d47eaaa663ff8132d5229,菱威,18000.00,20340.00,,20,
529,282,8db38847afd944a3abe39337ce9da286,菱威,8300.00,9379.00,,20,
530,282,aa55fc7e207f4101b690631ab98e1c7c,菱威,7700.00,8701.00,,20,
531,1705,0a73e42db6c2417594a09a7ff5dd7020,菱威,13300.00,15029.00,,20,
532,1705,6d033bb71386460da6bc8a7f7b107b06,菱威,6800.00,7684.00,,20,
535,117,24352bd4ca3f4175869e723156a41fe0,梯乎,2400.00,0.00,0.00,77,
536,117,24352bd4ca3f4175869e723156a41fe0,徽菱,2650.00,0.00,0.00,28,
537,117,2cffb6899c004639b29ef6fe83f15985,徽菱,1050.00,0.00,0.00,28,
538,117,63bac75b263a4167bcc67fe1ee7ba0ce,梯乎,900.00,0.00,0.00,77,
539,5377,57400fdbd25747a5a6635657c5eaa438,宏鑫,557.52,630.00,,64,
540,5377,1497de853eee4a06a9dde88ebf18cba8,湖州讯通,752.21,850.00,,103,
541,5318,3c08ea04fa5d471eaab94b3b683448d9,菱威,300.00,0.00,,20,
542,3236,57f43674979b4ce9ae35b3078c2a1170,菱威,1330.00,0.00,,20,
543,4526,a0c446c64b90443dadd9fb21ab5ee2f3,亿龙,55.00,0.00,0.00,74,
544,5378,fad47f4ecbf24021818b851a9ea8a077,菱威,110.00,0.00,,20,
545,5379,3f85cb69837a4e468b0fed6c0cb14c12,南希,95.00,0.00,0.00,67,
546,5379,b21f86d3c88b494290884d502a6e8cb8,南希,55.00,0.00,0.00,67,
547,2545,3519becae261427a97c8a6bb37c53b8b,茂旺,0.00,500.00,0.00,10,
548,26,6c833210d1db4ba4a8120f361d40d5fd,宜电,491.15,555.00,,11,
549,1927,85330c4cd19d407fa27074f59b01085a,菱威,249.00,0.00,,20,
550,2546,f834aecb5203417e9d76cc06ff412084,茂旺,450.00,0.00,0.00,10,
551,1971,6faac7ba16fe4c5e87beb17e2314bcf3,菱威,75.00,0.00,,20,
552,3593,ba24280006d7446c8efc2ac581872815,菱威,200.00,0.00,,20,
553,211,13c4b296b9cb4580a945bec21262222d,菱威,90.00,0.00,,20,
554,162,d6f51117655b4eada478b5b4121a6336,菱威,240.00,0.00,,20,
555,4576,bd5626324b654caebf89504ce1054e50,菱威,200.00,0.00,,20,
556,2562,5b48d372c11d406e9690b9d27766ee35,茂旺,0.00,450.00,0.00,10,
557,22,7b3b7a4b347d4d3da057a667cbf949c6,菱威,40.00,0.00,,20,
558,271,f0618c4bd2044ac7b3c1f5f9ae30f770,梯乎,3800.00,0.00,0.00,77,
559,1560,b55fd8e0e0ca4beba44aad90b4a95dfc,菱威,130.00,0.00,,20,
560,2567,d8fe372e71a44a36b23c6c54950421b2,茂旺,800.00,0.00,0.00,10,
561,274,93671075b38447389110c39a20266d12,菱威,550.00,0.00,,20,
562,274,93671075b38447389110c39a20266d12,梯安,540.00,0.00,,18,
563,2569,d9f72b2630a94cbd985cd303cd4108ce,茂旺,0.00,680.00,,10,
564,367,22e03b73e5394b5094e0899c835fe850,梯乎,4200.00,0.00,0.00,77,
566,367,22e03b73e5394b5094e0899c835fe850,徽菱,9700.00,0.00,0.00,28,
567,367,c58dab5e4c8143c7aeb1db2dc40fa68d,梯乎,2500.00,0.00,0.00,77,
568,383,4521950d8e224e858faf24806d324955,梯乎,2100.00,0.00,0.00,77,
569,383,4521950d8e224e858faf24806d324955,徽菱,2200.00,0.00,0.00,28,
570,383,468854cf674a43908d24488fe5fce7e1,梯乎,1500.00,0.00,0.00,77,
571,2596,df090c198de544dd8e157baffd5dcfa5,茂旺,0.00,2300.00,0.00,10,
572,1471,c0639b5221744f15900853c7f5036807,菱威,6200.00,0.00,,20,
573,1471,08eb67b0c8a74ec1ab1c091128fdd380,菱威,2900.00,0.00,,20,
574,285,c986bb4c7a0f40a08b01df14843a4ac0,菱威,9700.00,0.00,,20,
575,285,945b75495bab4d19a806e01d3ac5bac6,菱威,5200.00,0.00,,20,
576,5183,5efe56757b9640f8b129ae175beb178b,菱威,1950.00,0.00,,20,
577,5183,18ea9b6df4854229aa7f319553a63277,菱威,500.00,0.00,,20,
578,930,13e08b7ae1664b6498b3c5188e1a870f,菱威,4250.00,0.00,,20,
579,930,ae14d52a7e854438b8e526850f0645be,菱威,2900.00,0.00,,20,
580,2968,710833c9cadc42159b4a7097914764a3,菱威,2400.00,0.00,,20,
581,2968,e4ac66dfb22d4d3c9f4a6367d552fe9c,菱威,1900.00,0.00,,20,
582,4908,5d6c3fe40e774d3ebcad2836f4efe818,菱威,80.00,0.00,,20,
583,4908,5d6c3fe40e774d3ebcad2836f4efe818,湖州讯通,150.44,170.00,,103,
584,4261,a3277fbe5d0a4c918a6fdafc52c8194d,梯乎,25.00,0.00,0.00,77,
585,4261,a3277fbe5d0a4c918a6fdafc52c8194d,菱威,27.00,0.00,,20,
586,4648,0a013a5637144ef4920e05803e391807,梯乎,350.00,0.00,0.00,77,
587,4648,0a013a5637144ef4920e05803e391807,徽菱,500.00,0.00,,28,
588,4648,09d9388d4ba446ba857d995da4cc61b0,徽菱,170.00,0.00,,28,
589,4652,9b54a7cd934648b1b7f63984eb2cb9ae,梯乎,80.00,90.40,,77,
590,4652,0681f03069114b74857ed6a87295e495,徽菱,100.00,0.00,,28,
591,4201,7a287ee0ed2d4928a26d0790a5e2583b,梯乎,320.00,0.00,,77,
592,4201,ea199191830648c89cf1f8dc822621de,梯乎,100.00,0.00,,77,
593,4201,c1a8f27999944fdbbaa49f885d667df0,徽菱,170.00,0.00,,28,
594,2548,cafdbd4b4e2c4816a7238b6ba87b9bf3,徽菱,70.00,0.00,,28,
595,2548,0b7888289d2240379ada3d8b09f71cff,梯乎,30.00,33.90,,77,
596,3516,c1d2466d734e4f699e1036d7c72cfabb,梯乎,30.00,0.00,,77,
597,3516,3eec8a14ee1945a791724ec1b0708ad1,梯乎,85.00,96.05,,77,
598,2631,a76b60a103ce4fac89a1fd4b4a57bbce,徽菱,70.00,79.10,71.40,28,
599,2631,3e4f6799f8ac4ac2b6fb7d98ee1b760d,梯乎,30.00,33.90,,77,
600,3715,a696240da8f04b67aa7e642a9c42b962,梯乎,150.00,169.50,,77,
601,3715,5bf29dc50759408a8b1e90f9d69c0136,徽菱,120.00,135.60,122.40,28,
602,4383,a6391bd2a6894b808c30644cd613dc12,越沃,150.00,0.00,,42,
603,4383,a6391bd2a6894b808c30644cd613dc12,菱威,150.00,169.50,,20,
604,3951,2ff88b6c2bf141e0914008150490ff43,菱威,105.00,0.00,,20,
605,380,e0bfa1a4d4c443c89237dc31f06ff792,越沃,240.00,0.00,0.00,42,
606,3887,65d6e008d37c4cbdb400a6177c2e41b7,湖州讯通,1106.19,1250.00,,103,
607,3887,65d6e008d37c4cbdb400a6177c2e41b7,宏鑫,796.46,900.00,,64,
608,2404,41f24512a3c3435c8db6017e75081d67,湖州讯通,451.33,510.00,,103,
609,2404,b11b52e86d7541f199663063c320402e,湖州讯通,1194.69,1350.00,,103,
610,2705,c75ab0af05d14fda9681cbd97eca6ed0,菱威,140.00,0.00,,20,
611,2705,c89518caba74414380b7365bf7b7967c,菱威,100.00,0.00,,20,
612,777,82fccee74de84053bef36eb327fa00e5,梯乎,,,500.00,77,
613,777,d33bb3c571054157b06eb8a4c3f23492,梯乎,380.00,429.40,,77,
614,4091,11cd636090cb4895801eb63e4f824983,菱威,1100.00,0.00,,20,
615,4091,d0ee08a3ef874b1ab639d3b39b2c0c00,梯之恋,800.00,904.00,,71,
616,3858,7b932eced41540338cf3a4c9e0dc654a,菱威,1600.00,0.00,,20,
617,3858,124e12ef45fb40db813e3f4053a94cad,梯安,2200.00,2486.00,,18,
618,4900,5576f1eb2737429fb54eeb3fa639b802,南希,1100.00,1243.00,1133.00,67,
619,4900,5576f1eb2737429fb54eeb3fa639b802,宏鑫,1265.49,1430.00,,64,
620,5030,372f50ac4b9549709a85e11a56ab35ce,南希,1100.00,1243.00,1133.00,67,
621,5030,372f50ac4b9549709a85e11a56ab35ce,宏鑫,1442.48,1630.00,,64,
622,5067,ec866842c8624ded8c9fc6ce35ba61bd,菱威,140.00,0.00,,20,
623,5067,ec866842c8624ded8c9fc6ce35ba61bd,龙奥机电,141.59,160.00,,95,
624,2802,9d82b4cb18774076bb0b661d023953b7,越沃,170.00,192.10,,42,
625,2802,3e6b064ee684451e8fe08ed09a584c8a,德威利,85.00,0.00,0.00,25,
626,3112,9576f323dc3c4b378f30defe2b8f1f36,惠州盈信,84.96,96.00,,68,
627,3112,f8b49beb66f3487fbbf9bc74660c0633,大周,48.00,54.24,,52,
628,2657,b33bc3fc6e044df49745cd83146569d5,宏鑫,24.78,28.00,,64,
629,2657,a45b8d83e059484ab52736e40ff30e75,宏鑫,15.93,18.00,,64,
630,2657,cb5e745846cf4ce399571f3b06cf15b9,宏鑫,35.40,40.00,,64,
631,2656,de0eca32c50b4e7bbbe3f4067adb90aa,宏鑫,15.93,18.00,,64,
632,2656,d3457cb1162f441288ad17c22a0481e8,宏鑫,24.78,28.00,,64,
633,2656,c5179b91fe034b6aa8802046f08065ee,宏鑫,35.40,40.00,,64,
634,2654,4d2314edb61944e4802c93943720407f,宏鑫,24.78,28.00,,64,
635,2654,35396c9578ab43e6b49d8fd6d15e017d,宏鑫,15.93,18.00,,64,
636,2654,7c2717dec41241f289b56ab1ce43dfe4,宏鑫,35.40,40.00,,64,
637,2651,2c11bff68c7049b3ae7974e62845cf68,宏鑫,24.78,28.00,,64,
638,2651,bb5be583b871480c9f5e2ad4ae057510,宏鑫,39.82,45.00,,64,
639,2913,8d9544daf7ed4105a5949fed84d8fa3e,宏鑫,24.78,28.00,,64,
640,2913,c58f042b6484447eae26ec83fcb39abd,宏鑫,39.82,45.00,,64,
641,2650,3d6c2104114840e195376b26ec45d345,宏鑫,24.78,28.00,,64,
642,2650,c36f3804ffd64f88beb89fa759c32fab,宏鑫,39.82,45.00,,64,
643,168,e3528398c5e744bf8fc4b765ef4cc36a,梯乎,190.00,0.00,,77,
644,168,1027c7173a974dcf8a6871126a5aee43,宏鑫,80.00,0.00,,64,
645,3906,64f8f5b8145941038cbdda3e39933f0a,宏鑫,37.17,42.00,,64,
646,3906,233a425706bf4ab2b39a25773c6277c3,湖州讯通,68.14,77.00,,103,
647,3906,64f8f5b8145941038cbdda3e39933f0a,湖州讯通,35.40,40.00,,103,
648,253,c22219086e304d7694c1d42a2b9b499c,众思创,85.00,96.05,,9,
649,253,eff88eecda8e47938691e114403a86ff,众思创,50.00,56.50,,9,
650,4702,3a15c2817110418cbb7738e5c60da3ab,湖州讯通,1752.21,1980.00,,103,
651,4702,3a15c2817110418cbb7738e5c60da3ab,宏鑫,1061.95,1200.00,,64,
652,3337,1e6d5c0e11e24f4e91c90ff02fcaa24d,菱威,32.00,0.00,,20,
653,430,746412461d004683a3a8887f1e607588,徽菱,230.00,0.00,0.00,28,
654,430,c74e6108fecf4cb2a700e1898296a796,徽菱,50.00,0.00,0.00,28,
655,3547,b4c2c3b94d1c4539a19f17f18c375b1b,徽菱,260.00,0.00,,28,
656,3547,ac5cca8c365c4f5ab98d3bd5a6b9dcfa,徽菱,60.00,0.00,,28,
657,3026,bd84a8dc8b154e86911259b2ae5505d5,徽菱,260.00,0.00,,28,
658,3026,f53daf63f3e6405eaa548f4fbc962dfe,徽菱,60.00,0.00,,28,
659,4117,a72f972b90e0438498fb5a9f09716092,越沃,55.00,62.15,,42,
660,4117,a72f972b90e0438498fb5a9f09716092,新动力,55.00,62.15,,49,
661,5205,1a69a68dd963455a8414aa2149681ef5,徽菱,140.00,158.20,142.80,28,
662,5205,1a69a68dd963455a8414aa2149681ef5,梯乎,190.00,214.70,,77,
663,4726,4684aa643c604883a19ea8827f9668ff,菱威,170.00,0.00,,20,
664,4726,b7a6e16433614ccf9254b2eb6f1110fb,菱威,110.00,0.00,,20,
665,1109,2b1c6ccc3cee4665a742b76d1dcade2e,菱威,120.00,135.60,,20,
666,1109,7d6aed7a25164c57be4f6d9f4440c343,菱威,95.00,107.35,,20,
667,695,8d673863219640ddbbda01075e19d2f9,梯乎,80.00,90.40,,77,
668,1971,cf5bd7052cea4028bfcbafabb154bdad,菱威,75.00,0.00,,20,
669,695,4ccada249c99460e9e41f2747ab26d35,梯乎,55.00,62.15,,77,
670,4898,36e15202b5a849678b85eb1fdbb5e61f,菱威,16.00,18.08,,20,
671,4898,36e15202b5a849678b85eb1fdbb5e61f,亿龙,16.00,18.08,16.16,74,
672,1971,251273a7311c4e21a8b7e1c6592ad6ca,菱威,75.00,0.00,,20,
673,2893,db9e5e488a50410dbc82fc559f59d13d,宏鑫,51.33,58.00,,64,
674,2893,2124ff9adb5549ceb93863959efc8bf3,宏鑫,51.33,58.00,,64,
675,2860,d1cab9c4c3864485bfc251ebeb9c7daf,宏鑫,51.33,58.00,,64,
676,2860,8e0be0da7b6748e8a1eb6c4987b2dfbb,宏鑫,48.67,55.00,,64,
677,2860,f281af60fd124291872c433f7a8111e0,宏鑫,51.33,58.00,,64,
678,2860,1db918899dce43b8b7b9b04c701ed9ef,宏鑫,61.95,70.00,,64,
679,67,d58800b78e3b4554b5474d2f965347e2,菱威,30.00,33.90,,20,
680,67,ce45714a467145b599f9fc0a1030e223,菱威,100.00,0.00,,20,
681,146,4bc9e1b26fb04d649dbc876bda2f1d94,菱威,26.00,29.38,,20,
682,146,d43baa71de8f4e6c8d8572a3af93e507,菱威,13.00,14.69,,20,
683,4698,67e5148e6b434694b63c2bd35e627ecf,菱威,37.00,0.00,,20,
684,4698,7434d473ae28447ea07a4e1a36c845a9,菱威,16.00,0.00,,20,
685,4438,08f474abbc4a404d9996554f37841b09,菱威,26.00,0.00,,20,
686,4438,08f474abbc4a404d9996554f37841b09,越沃,32.00,0.00,,42,
687,133,d40747aaf33a44018de19726466ed911,亿龙,13.50,15.25,13.63,74,
688,4550,bfe95b98213347009261285019acad84,亿龙,16.40,0.00,0.00,74,
689,4550,bfe95b98213347009261285019acad84,菱威,19.00,0.00,,20,
690,1973,a23f96e0717b4f26b40043ff1395ad72,亿龙,22.00,0.00,0.00,74,
691,1973,67d4746d1e044f0cb3e3286a684ff045,亿龙,12.00,0.00,0.00,74,
692,2135,7551e18f63b740acbaf8050a1e9cc533,亿龙,22.00,0.00,0.00,74,
693,2135,f15020e94cd34481aec862d46f7f6d9a,亿龙,12.00,0.00,0.00,74,
694,3817,7566d05c27904ad296acdd013e0bb596,亿龙,12.00,0.00,0.00,74,
695,4424,141ce79f7959434a8f80d7451de07ce5,菱威,95.00,0.00,,20,
696,4424,23d586570b9543ef9c5481df65ff3df2,菱威,65.00,0.00,,20,
697,139,a410efcaa9574112b8eb44242141b450,菱威,53.00,0.00,,20,
698,2593,922113637c7747d78e0744440fd7ce6d,菱威,110.00,0.00,,20,
699,4640,6059f437838642b4a895254895ef449a,梯乎,280.00,0.00,,77,
700,4640,eea921658748483dab6a6601bc93c4e2,梯乎,180.00,0.00,,77,
701,4640,6059f437838642b4a895254895ef449a,徽菱,290.00,0.00,,28,
702,4640,eea921658748483dab6a6601bc93c4e2,徽菱,100.00,0.00,,28,
703,28,8a029c69aa6e49e38de2e5a50b7f8767,宜电,380.53,430.00,,11,
706,1939,3e2dc319306d43f680290a9b6bb8d792,菱威,110.00,0.00,,20,
707,1939,4613028264a5464db2f0274ecdd81103,菱威,70.00,0.00,,20,
708,2472,274bd447c4e540daab3d1af5873f0696,菱威,45.00,0.00,,20,
709,2472,0061495011cc45a690d834c3d06a59da,菱威,42.00,0.00,,20,
710,3708,1bf3207ab55e4fe2acfb657ee78542b3,吉菱机电,70.00,0.00,,48,
711,29,e629f473579f4454ab6a1b734945240f,菱威,20.00,0.00,,20,
712,3903,c2338a6ab7744456917b12169de63ceb,菱威,90.00,0.00,,20,
713,3903,896eebf2894b40ea88ed29fb58e99e66,菱威,45.00,0.00,,20,
714,29,e629f473579f4454ab6a1b734945240f,宜电,231.86,262.00,,11,
715,2863,874d2f7e65a04d569d9b9e17e8f637fd,徽菱,14.00,0.00,,28,
716,2863,a89003b11dd145ae9ae46195cab75374,徽菱,65.00,73.45,66.30,28,
717,31,4f794d478cb74dd8972968f08e662c25,菱威,120.00,0.00,,20,
718,1340,ee16c2bcb68f429d950532ec57ce6d15,徽菱,70.00,0.00,,28,
719,1340,4ac8f664abb943ce985eec4baaa170b9,徽菱,14.00,0.00,,28,
720,4204,eef930cd204e457dab06e5198dcc51cd,梯乎,0.00,0.00,2050.00,77,
721,4204,eef930cd204e457dab06e5198dcc51cd,徽菱,800.00,0.00,,28,
722,1649,fea56c22a2fe4c9a9d35f07a220c52c8,菱威,4300.00,0.00,,20,
723,34,75454f1c10364ea18351bc9bd0f584c6,菱威,385.00,0.00,,20,
724,2356,4c95042ce32940cc9557e5fcc6595698,湖州讯通,964.60,1090.00,,103,
725,2356,1ec5f0dca0f94bd78cdb76e82a53d802,湖州讯通,194.69,220.00,,103,
726,3650,66629f0ff914442496169b2c12f8dc1c,宏鑫,1061.95,1200.00,,64,
727,3650,66629f0ff914442496169b2c12f8dc1c,湖州讯通,1371.68,1550.00,,103,
728,369,01ec0a88fdd94c2493095e5a07088db4,菱威,120.00,0.00,,20,
729,369,52867b0dcfdf456bb580394bc3703350,菱威,75.00,0.00,,20,
730,2356,1ec5f0dca0f94bd78cdb76e82a53d802,宏鑫,194.69,220.00,,64,
731,3039,b7ab2c87de00450e86bc93a13a48ad44,菱威,110.00,124.30,,20,
732,466,206e73ca2b9e468aa9b9c5e937334191,菱威,440.00,0.00,,20,
733,466,c25bbcc25d404ae3b2597226aec2fd19,梯安,310.00,0.00,,18,
734,4942,d9e1e321301f47ab981acdd5df2ea31c,沈阳蓝光,338.05,382.00,,107,
735,1835,4d711cd279ff4950bc1b2d873a05e2c9,梯乎,0.00,0.00,500.00,77,
736,1835,a7876fb454b24375837727ee77f2ed78,梯乎,0.00,0.00,400.00,77,
737,4323,27bcc44188b14df180b159be1c9336f2,梯乎,0.00,0.00,350.00,77,
738,4323,27bcc44188b14df180b159be1c9336f2,徽菱,450.00,0.00,,28,
739,53,ed03f745fd2c418a971d7bf65b54127d,徽菱,480.00,542.40,489.60,28,
740,53,efdac86e9af94a4d9601b8f7191369f1,徽菱,200.00,226.00,204.00,28,
741,4086,b30b0ddfd17d4f4a8d2c0bd5dfbd89cf,菱威,12.00,0.00,,20,
742,4388,e3679fd402ba4a0e8727efef6ce7a10e,凌云,,,13.50,13,
743,4348,496662626f6149079b160bed358bd0e1,凌云,,,13.00,13,
744,2942,245403b71fcb46988ad6d12d5b801bb5,凌云,0.00,0.00,40.00,13,
745,4099,0d31a5ef41ab41cdb936a0849aa756a9,徽菱,14.00,0.00,,28,
746,4099,42bdb824ff7d4f7ab1209db18075f70b,徽菱,40.00,45.20,40.80,28,
747,4099,42bdb824ff7d4f7ab1209db18075f70b,梯乎,40.00,45.20,,77,
748,4099,42bdb824ff7d4f7ab1209db18075f70b,凌云,45.00,50.85,,13,
749,43,20a5e24c75e34268888fb7c6b4997700,宜电,0.00,0.00,,11,
750,2633,933d381a63e64cd7b1cf2c3a56491cbc,徽菱,28.00,31.64,28.56,28,
751,2633,d2fd9382d1744f6ba742626ae42b09ef,徽菱,55.00,62.15,56.10,28,
752,4102,eb5d911dcbf44b8692dc45304c4c294c,徽菱,45.00,0.00,,28,
753,4102,11d276332833417f96d9d6ceaa8128a3,徽菱,22.00,0.00,,28,
754,46,9c4bf5012bb54f3fbfa1a0e990f03554,宜电,10.62,12.00,,11,
755,4102,eb5d911dcbf44b8692dc45304c4c294c,梯乎,,,55.00,77,
756,4102,eb5d911dcbf44b8692dc45304c4c294c,凌云,0.00,0.00,45.00,13,
757,68,3bc821ceaf914707a83e53b695b69fa0,菱威,0.00,0.00,,20,
758,115,92cf1e4e6ec74c2d9e9a33383ec0a093,菱威,0.00,0.00,,20,
759,129,e55051d1d9094aa1bdc81e3b8fb3e1ca,菱威,105.00,0.00,,20,
760,116,021480c1d0834d7a83d74194e2597d36,菱威,160.00,180.80,,20,
761,116,fafc2bbab1b84ae1aa25479dd2e8ea10,菱威,160.00,180.80,,20,
762,4234,a890d9ac27a14dbbbfb7b349d8d980a3,梯乎,0.00,0.00,45.00,77,
763,4234,a890d9ac27a14dbbbfb7b349d8d980a3,徽菱,45.00,50.85,45.90,28,
764,4234,f9a6d45b3c95478aad4f3c4c460bb359,徽菱,25.00,28.25,25.50,28,
765,65,1ba1d2ce608c4b36ba3627b23f3f962b,宏鑫,2433.63,2750.00,,64,
766,1589,ce0c1f4c55204e258eeb087eab36b98b,菱威,95.00,0.00,,20,
767,3773,a2645ef12b9847dbabe1ecd2a07796db,徽菱,25.00,28.25,25.50,28,
768,3773,db8436fb9d554295be126fd32b57ff21,梯乎,,,45.00,77,
769,4033,364e5c1d062649b4b7a230c730ba78bb,徽菱,90.00,101.70,91.80,28,
770,4033,364e5c1d062649b4b7a230c730ba78bb,梯乎,,,75.00,77,
771,4030,58ba03a31577463b87d9e0d0f2520900,徽菱,60.00,67.80,61.20,28,
772,4030,7be9bea3f8b647b5a032cbc5cf08cabc,梯乎,,,100.00,77,
773,4444,a561207cd2fb4bba9cc9b1ae38bd5267,徽菱,55.00,62.15,56.10,28,
774,4444,a561207cd2fb4bba9cc9b1ae38bd5267,梯乎,0.00,0.00,60.00,77,
775,4282,10036317a92549898e3d9f7a67f577df,梯乎,0.00,0.00,240.00,77,
776,4282,5b8321f0c36148c3b573a3972b38e85e,梯乎,0.00,0.00,580.00,77,
777,4282,10036317a92549898e3d9f7a67f577df,徽菱,200.00,226.00,204.00,28,
778,4282,5b8321f0c36148c3b573a3972b38e85e,徽菱,500.00,565.00,510.00,28,
779,2084,a2f5264a51f747b1abe0aad5949ed53c,徽菱,40.00,0.00,,28,
780,2084,a2f5264a51f747b1abe0aad5949ed53c,梯乎,,,85.00,77,
781,4060,15b3e485fcfc4ca58f9b13e635823e29,徽菱,200.00,226.00,204.00,28,
782,4060,3fee4fc62e944089aa8a4e08b5682cec,梯乎,,,80.00,77,
783,4060,15b3e485fcfc4ca58f9b13e635823e29,梯乎,160.00,180.80,,77,
784,1842,115d191579e54113b1aa5f3cd39efc8b,南希,21.00,0.00,,67,
785,1842,815721f6a7c64d09a9702e37ad8d23d2,南希,43.00,48.59,44.29,67,
786,4321,a8029f2de4394fdcb126b516d7f03b22,菱威,300.00,0.00,,20,
787,4321,a8029f2de4394fdcb126b516d7f03b22,梯安,225.00,0.00,,18,
788,1197,889bcdfdfad14e27a8df95abe773f390,梯乎,1800.00,0.00,0.00,77,
789,1197,41d7cc7abe3547649919f6286fefb6d3,梯乎,500.00,565.00,,77,
792,541,8d01a130b7f44d998ad0dc26313f7acf,梯乎,900.00,1017.00,,77,
793,4884,fa1f12694b7f436eafb2e5bd2a5f2f09,越沃,1000.00,1130.00,,42,
794,4884,fa1f12694b7f436eafb2e5bd2a5f2f09,菱威,650.00,0.00,,20,
795,5380,a9095a2bc7ef424ebc93dfe1a6b702ee,湖州讯通,1707.96,1930.00,,103,
796,4884,962dc72454204a8788c423d9bdfede9e,菱威,300.00,0.00,,20,
797,71,8c7aae453c934d55be2ff6977ed8b65e,宏鑫,442.48,500.00,,64,
798,1047,7c83a7262057443ab1c3678a24ba76c3,徽菱,300.00,339.00,306.00,28,
799,1047,1df5842197bf44d0b840b1accd8a5190,梯乎,1200.00,1356.00,,77,
800,71,8c7aae453c934d55be2ff6977ed8b65e,湖州讯通,486.73,550.00,,103,
801,107,0505a400fc784b26a712a694711419ef,菱威,3500.00,0.00,,20,
802,504,5f5314dad228411ead58b331236a35dc,梯乎,1200.00,0.00,0.00,77,
803,504,2fe9804d918d496a8a03cabd968d638a,梯乎,320.00,0.00,0.00,77,
804,2412,8c920ec24b174b0b909b675525681f36,梯乎,1600.00,1808.00,,77,
805,2412,30a3b7835b814da580ac98dc400a310a,徽菱,2200.00,2486.00,2244.00,28,
806,319,aa098f522eb44acd8b320ba777c8ef21,梯乎,2560.00,0.00,0.00,77,
807,319,2f9f69c473344990a1b99aa4a8f4b944,梯乎,1000.00,1130.00,,77,
808,3919,40a971ccb4074f22bb45baebc5865a8d,梯乎,800.00,904.00,,77,
809,3919,40a971ccb4074f22bb45baebc5865a8d,徽菱,750.00,847.50,765.00,28,
810,4910,05c8dbdb4aea48e192b39f35954233f8,菱威,0.00,0.00,,20,
811,4411,b07eaa391880433d9b57fe0fded06c40,菱威,70.00,79.10,,20,
812,4411,b07eaa391880433d9b57fe0fded06c40,宜电,66.37,75.00,,11,
813,4580,f7d2485edf244fc48c2b69c3e13f4dbf,菱威,62.00,70.06,,20,
814,4418,e56fb20c611840ce84e80a68378dea69,宜电,47.79,54.00,,11,
815,4913,d137b697bca643fb8a0a644ce33b4af3,宜电,176.99,200.00,,11,
816,4913,d137b697bca643fb8a0a644ce33b4af3,菱威,175.00,197.75,,20,
817,127,5de0ead019994e8ebf430b4cc5115cd8,菱威,58.00,0.00,,20,
818,109,b55e0c60019f4fdc8ae290f9080820f7,菱威,0.00,0.00,,20,
819,3144,8ae1d42cb5294971b58a4cd0b37d3b6d,链上U谷,,88.00,,38,
820,4805,9b2f3a001770477ba13b7f99afd34f0b,菱威,130.00,146.90,,20,
821,5221,74a63e7aa8c9417197e9f1bd7a6b82e0,菱威,235.00,265.55,,20,
822,4682,d6fca4887cd04f5c89c53687a42f3224,菱威,230.00,259.90,,20,
823,4682,426dbd5492124d03967e23a9ac0df787,菱威,240.00,271.20,,20,
824,120,61b065ff825347d7b9529fb7503f2a17,菱威,20.00,0.00,,20,
825,4683,b03b42ddb34d4b6aa81e4cc7840b1646,菱威,230.00,259.90,,20,
826,4683,4c0a8f0283514d4e8c09d0e93ad93ea8,菱威,240.00,271.20,,20,
827,3585,866d6a9cf74947df874dc3cdae92b409,菱威,80.00,90.40,,20,
828,3461,d65781d5a7ab40edad1075d89a4e22c6,菱威,225.00,254.25,,20,
829,3461,332cb989d6964a698599338ab41f0ef2,菱威,249.00,281.37,,20,
830,3925,2c7027ca399e44889b3d5cba5731b722,菱威,100.00,113.00,,20,
831,3925,0afda6e049714806951988f6b7b4d4be,菱威,249.00,281.37,,20,
832,5381,058413e3dffa4f0d9cd3d809f3a7ce43,吉菱机电,400.00,0.00,0.00,48,
833,2453,4618f08f91f041a0a6c6db8e4d842dcf,徽菱,2900.00,3277.00,2958.00,28,
834,2453,4ffa2cde9921495c9bf86e86af0c05c8,梯乎,600.00,678.00,,77,
835,4119,97bf249585b945fc9af671aac7e9b0ac,越沃,100.00,0.00,0.00,42,
836,4119,97bf249585b945fc9af671aac7e9b0ac,菱威,100.00,0.00,0.00,20,
837,4873,e37f25947db643bda11198b61f6df769,菱威,550.00,621.50,,20,
838,4873,e37f25947db643bda11198b61f6df769,丽景恒泰,550.00,0.00,,84,
839,4211,bfc88a768ed54818aa12e548587bbe78,徽菱,2400.00,2712.00,2448.00,28,
840,4211,bfc88a768ed54818aa12e548587bbe78,梯乎,2400.00,2712.00,,77,
841,3691,4b4bd66615db4c7d96ad37b2feee7fe3,越沃,320.00,361.60,,42,
842,3691,faafd30250c9412d910fbbba3e145cbd,越沃,350.00,395.50,,42,
845,1946,ca5cac81b3564ffc9d421161b1b06271,菱威,165.00,186.45,,20,
846,1946,ca5cac81b3564ffc9d421161b1b06271,梯安,120.00,135.60,,18,
847,2794,e15774482a9a416e99f9a3ac0d056926,菱威,1150.00,1299.50,,20,
848,5382,643b5ea18f184cb0a90b0b555271620e,徽菱,40.00,0.00,0.00,28,
849,2794,e15774482a9a416e99f9a3ac0d056926,越沃,1350.00,1525.50,,42,
850,3936,ca821ffb6d5e4f37a1ad8cdab15a914f,菱威,125.00,141.25,,20,
851,3936,ca821ffb6d5e4f37a1ad8cdab15a914f,丽景恒泰,110.00,124.30,,84,
852,4553,9d0a1a430b914eb888f8d713f0e53132,宏鑫,398.23,450.00,,64,
853,4553,2ec52ac2983244b69edae9c59257070c,湖州讯通,230.09,260.00,,103,
854,4613,90f38a13c1cc466bbb67302ad548cad7,湖州讯通,123.89,140.00,,103,
855,4613,90f38a13c1cc466bbb67302ad548cad7,宏鑫,106.19,120.00,,64,
856,215,feb0707ebbbb460aa4c8e39427642038,菱威,220.00,248.60,,20,
857,215,76d53234b2a74745a8570751567c5fc1,菱威,115.00,129.95,,20,
858,2916,9356f07f26ad4817b67c61bba1334eb3,菱威,90.00,101.70,,20,
859,2916,8de8bc8782f84b62abb8a4849684af48,菱威,150.00,169.50,,20,
860,5383,2cb4b0bda9e54b099fc6956a7d401b0a,菱威,40.00,0.00,,20,
861,4943,91930bf210bf49ab9a6c440bbd3048a4,沈阳蓝光,77.88,88.00,,107,
862,2550,00b6e4be71264c89bb3e93712c9f4eec,梯乎,65.00,0.00,0.00,77,
863,2729,551ddd48bd2b445c904e7f1a89dcea08,菱威,90.00,101.70,,20,
864,2729,fc8491ee47414581b1d1e09166e74a6e,梯安,46.00,0.00,,18,
866,1480,79e6344b393f4393be72501e13955f9b,菱威,155.00,175.15,,20,
867,1480,cf07b9c2ca0f48d6b515ccde6b1b3311,菱威,115.00,129.95,,20,
868,3983,01ac9ce4246d419e9cf37dc8325c750c,菱威,330.00,372.90,,20,
869,3983,018aea3e76da4add9935179f0bafe3a5,菱威,255.00,288.15,,20,
870,5303,bc46659a30d543c8ae4c2ff7e084eaa1,南希,130.00,146.90,133.90,67,
871,5303,1465ad4a4f024957bb837983781a0fff,南希,110.00,124.30,113.30,67,
873,2394,dbccf9f3e14144bf9d5917d7c353e297,菱威,75.00,84.75,,20,
874,2637,cc9022bfa5994d3dbab1c58e463cecb0,茂旺,440.00,480.00,0.00,10,
875,2555,3df85d59d03740a6822755d2a672448e,菱威,90.00,101.70,,20,
876,2555,6fb4ebddfde64cdca2d2732a0f6c44c2,菱威,130.00,146.90,,20,
877,2536,5b7bb478014741bd8d3f67c24b00b9f4,菱威,60.00,0.00,,20,
878,4067,6cfc2cf0663348cea432cc8e03c3bcae,菱威,90.00,101.70,,20,
879,4067,b7458cf833454e0484e288fbd7468fec,菱威,170.00,192.10,,20,
880,2638,4eab3c526fa04163a078143e9662a737,茂旺,442.48,500.00,0.00,10,
881,3872,557a49c052ba409bb07b7c001fe769f6,湖州讯通,66.37,75.00,,103,
882,3872,eebdf71b53284e348a35339dc761ab62,宏鑫,76.99,87.00,,64,
883,3872,eebdf71b53284e348a35339dc761ab62,菱威,110.00,124.30,,20,
884,2639,559b45e9beea43598c525ddba8d52fca,茂旺,550.00,0.00,0.00,10,
885,4820,d71722882b7f41f4bf7c1dd0681eb6e4,湖州讯通,247.79,280.00,,103,
886,5384,5f45f5fd908149faa0efd73ed5a1274b,菱威,150.00,0.00,,20,
887,2641,d4cf7ac669984e4896d5844f3edbee7d,茂旺,442.48,500.00,0.00,10,
888,5385,4bd640585a634ee996144184db16fbbb,梯乎,0.00,0.00,330.00,77,
889,2776,fc91aaf73e214a57979e4f18526ea8da,吉菱机电,150.00,0.00,0.00,48,
890,1307,72a51a56c842453b853f2effa40b9e0d,宏鑫,15.93,18.00,,64,
891,1307,72a51a56c842453b853f2effa40b9e0d,湖州讯通,22.12,25.00,,103,
892,2643,10706dd6da5045228d8b266572f00ef0,茂旺,353.98,400.00,0.00,10,
893,4820,f8850e7bc99c4d43a8300198375500ad,宏鑫,283.19,320.00,,64,
894,5308,9fb8fd95dd0c4437b39b89fa433ed12a,宏鑫,101.77,115.00,,64,
895,5308,9fb8fd95dd0c4437b39b89fa433ed12a,湖州讯通,132.74,150.00,,103,
896,2703,9bfdb96896f94fd9ac6a2eea8a1ca615,茂旺,400.00,0.00,0.00,10,
897,5045,d2882af1c44b48a1b2b9338c62cffacf,宏鑫,575.22,650.00,,64,
898,3850,3741427da3574feb854e8838e633370c,湖州讯通,20.35,23.00,,103,
899,3850,3741427da3574feb854e8838e633370c,宏鑫,17.70,20.00,,64,
900,5386,c01c464d729f406cb8398d83512050e7,菱威,33.00,0.00,,20,
902,2704,4b1394aa03bc48428584a85966f2757a,茂旺,1115.04,1260.00,0.00,10,
904,82,a123a4a299f04f6c897c7ecc2b675751,湖州讯通,181.42,205.00,,103,
906,4237,af114d57cc044474b457b8f36791737f,湖州讯通,217.70,246.00,,103,
907,2707,194beaaac9134ed6b8cc9d1bb2e50dda,茂旺,430.00,0.00,0.00,10,
908,4237,af114d57cc044474b457b8f36791737f,宏鑫,216.81,245.00,,64,
909,4839,4a2a337a08cd4542927c300f55204ffe,湖州讯通,150.44,170.00,,103,
910,4839,47e8e5e77dc5468b8ff755962bd08d9d,湖州讯通,216.81,245.00,,103,
911,5387,7b664a853e5c48bda6d27c4b4462af25,菱威,220.00,0.00,,20,
912,4927,5c32e9ff921a42cea67822044f0fc511,湖州讯通,17.70,20.00,,103,
913,4927,62dcc1d98bd7406582196f95c64aadf9,宏鑫,26.55,30.00,,64,
914,2460,bd739fb0b7074ba4accf3dd55acdce55,南希,280.00,316.40,288.40,67,
915,2909,9d6cbfe52ea644778e97b362812cbfb6,菱威,480.00,0.00,,20,
916,4054,8fceb2d045634898b4d9324de2cc2783,徽菱,650.00,734.50,663.00,28,
917,4054,069ffceefb0048dbb986f7b41e9a9b0a,梯乎,580.00,655.40,,77,
918,4054,9f3de558900b4a048890e16cd043c093,梯乎,950.00,1073.50,,77,
919,802,414278830c8b442cbf27403009f0f34f,梯乎,1100.00,1243.00,,77,
920,802,c789d739a94e48fea1c611b3bbb452c7,梯乎,580.00,655.40,,77,
921,4327,60f958ea15a84cd7bdd7d833ec2369d8,徽菱,650.00,734.50,663.00,28,
922,4327,dce3ee0aa6f440de9e4b0e7506429bd5,梯乎,1100.00,1243.00,,77,
923,4327,8368c5740e2043a190867c9d08fc7bb4,梯乎,580.00,655.40,,77,
924,423,e9adb6e15cfa4e3aba50a0fa61cabb5b,梯乎,350.00,395.50,,77,
925,423,c35386a4fdb946ea8f9609a2ebe98a92,徽菱,200.00,226.00,204.00,28,
926,3447,8d913a9bde0944b3bbacd5b20d69f0ad,梯乎,200.00,226.00,,77,
927,3447,1f9097ee916c47ba81e1e06a9aa7a999,梯乎,350.00,395.50,,77,
928,577,307a1d7255df4e49a3960f1bc35b2fa0,梯乎,800.00,0.00,0.00,77,
929,686,fcff8b0252ed490ea0af322a80704a21,徽菱,2650.00,0.00,0.00,28,
931,278,806a004f043347fb9913e72cef5a59f7,梯乎,3500.00,0.00,0.00,77,
932,278,806a004f043347fb9913e72cef5a59f7,徽菱,4000.00,0.00,0.00,28,
933,280,15f841ba7b2d487cb33a84c2da00b627,梯安,205.00,0.00,,18,
934,414,d32ad426ca1b42fa84b71426a3d54817,徽菱,3500.00,0.00,0.00,28,
935,433,ec23ade6fd61488db05487d08ecf9273,梯乎,200.00,0.00,0.00,77,
936,688,e1a74ef7cb2547c9a8c267a90acc3d63,梯乎,1700.00,0.00,0.00,77,
937,688,3e013dbe5eac4e898caed312240f0b12,徽菱,1050.00,0.00,0.00,28,
938,2685,f55923847f824224a89e721a78f5b143,梯乎,320.00,361.60,,77,
939,2685,982307d317454c5cb95efd48777f2748,梯乎,100.00,113.00,,77,
940,2120,a79d83fe9bf74d03a0fde1506007e96c,梯乎,120.00,135.60,,77,
941,2120,e12255dd8a4f4c70a40783cc0c8a6b9c,梯乎,320.00,361.60,,77,
942,1066,a187c40e356f49a59243fed5be79fe70,梯乎,160.00,180.80,,77,
943,1066,6db670e744134be787c3a316a445dbbc,梯乎,320.00,361.60,,77,
944,2307,03fd0a4bdf214e15a0250a15b0b02b38,菱威,85.00,0.00,,20,
945,2307,fb907dcb763e492aa730c6510690393e,菱威,55.00,0.00,,20,
946,304,0063fe1b2dc84627b5888e109eb763cd,菱威,70.00,0.00,,20,
947,304,6a8243d0aa3b4d9ca46ed0b319b6e3f2,菱威,135.00,0.00,,20,
948,4775,167fe34609f84e4bb14886c51aeaf1e0,菱威,40.00,45.20,,20,
949,3855,b9a641c89c0d47e5be437b681e010139,新动力,120.00,135.60,,49,
950,3855,e110a5bbbb9042d9bec2947be976d99f,菱威,60.00,67.80,,20,
951,1510,231c76861bef41738d418a52f3ca374a,菱威,135.00,152.55,,20,
952,1510,a7c1305a97234a73abcc6aef8512c7c5,菱威,200.00,226.00,,20,
953,548,812bc0ab48414c16acc13d242856eaf3,菱威,145.00,163.85,,20,
954,691,623732cedc1e49d8b7bda649260b2441,徽菱,400.00,452.00,408.00,28,
955,691,54fcd49290cb49d783124ce08d7e1f9c,徽菱,600.00,678.00,612.00,28,
956,4285,b0a162a74d4e4e0a8e769c5caa9fa922,梯乎,630.00,711.90,,77,
957,4285,01edc3d347d846de8dedfb372334ed19,徽菱,95.00,107.35,96.90,28,
958,4222,e930320a27da456f80d3e9e9e2c00d7f,徽菱,70.00,79.10,71.40,28,
959,4222,42a9cb57bba04133bcbc19fa0e260d32,梯乎,30.00,33.90,,77,
960,4222,e930320a27da456f80d3e9e9e2c00d7f,梯乎,85.00,96.05,,77,
961,499,30b98a0b237a48d690db20762f271ffc,徽菱,150.00,169.50,153.00,28,
962,499,c7e07cd2e6424ceabc1ad806f9f26be0,徽菱,250.00,282.50,255.00,28,
963,101,29f874e8bdfd4b73896be9c744c2263d,徽菱,150.00,169.50,153.00,28,
964,101,46e151459787405d9d671688345bbeec,徽菱,260.00,293.80,265.20,28,
965,99,c0846baa7521422e9f6240f6787cdaf9,徽菱,150.00,169.50,153.00,28,
966,99,a2bd2f73690e422bb0297b8c45c88ea3,徽菱,360.00,406.80,367.20,28,
967,5223,eb2844133b8d414ca860b9b47e9e9ea2,梯乎,300.00,339.00,,77,
968,4760,bb959d9ba5704f2aaff9d39dd503471e,梯乎,350.00,395.50,,77,
969,4760,bb959d9ba5704f2aaff9d39dd503471e,徽菱,400.00,452.00,408.00,28,
970,4752,a1855efa62164939833876e108c7ef2d,徽菱,480.00,542.40,489.60,28,
971,4752,a1855efa62164939833876e108c7ef2d,梯乎,360.00,406.80,,77,
972,4398,ba1b7a473f214798aa7e18a1bb385b91,梯安,105.00,118.65,,18,
973,4398,328c5d4347664f958c38fbec0913abc9,梯安,46.00,51.98,,18,
974,3355,96e721a8d1734ed68c78d7a7b938f638,菱威,180.00,203.40,,20,
975,2626,46de7f2d901043e3b095cb0d34296b0c,丽景恒泰,100.00,113.00,,84,
976,2626,14456a306a2b4f6e8c28b5c3fbdfbc19,丽景恒泰,110.00,124.30,,84,
977,4912,7e7f4d034d004d6c86b8f2a3528588f4,丽景恒泰,100.00,113.00,,84,
978,1494,af9feb1a5e84478fbe896074da493d32,菱威,220.00,248.60,,20,
979,1494,230958ce7e074a48982c6488b5b63197,菱威,100.00,0.00,,20,
980,507,bc84b0187c36469093550a4aa63f915d,菱威,320.00,361.60,,20,
981,2624,ef12d80bcd2c44449cf387cda0c76f5c,菱威,120.00,135.60,,20,
982,2624,ff33b9b397fd424097bfa2e864008622,菱威,330.00,372.90,,20,
983,2940,428fc588c0064e9eac98259524d4e545,徽菱,430.00,485.90,438.60,28,
984,2940,e07843fbda8c4be891bad586be2c7d10,梯乎,350.00,395.50,,77,
985,5081,11567b1191bb4d40b83d4a016528015a,茂旺,389.38,440.00,,10,
986,5083,9f5b4ded5161406b8c1f6c719f641746,茂旺,353.98,400.00,,10,
987,5084,822ec70c6a5a40db92ffe4ae33635def,茂旺,400.00,452.00,,10,
988,5078,57184df6d8f14efabb0642be77bd937a,茂旺,500.00,565.00,,10,
989,5092,c200385cf6a94e65a3da8b0b933fec71,茂旺,380.53,430.00,,10,
990,5107,e2eac025dd544bc9a5326b805ce9b9b6,茂旺,442.48,500.00,,10,
991,5096,4e4c42d3f8bf474080242a6da2a9d06c,茂旺,380.53,430.00,,10,
992,5113,f84f56b6e56b449ba125b7084fff6da7,茂旺,530.97,600.00,,10,
993,5118,9bb0ec6390b0400abb65cfba214587bf,茂旺,398.23,450.00,,10,
994,1707,4459c75fdb70402bb14909822fefdbc8,菱威,310.00,0.00,,20,
995,5132,98624c935dc1493989db4d314ca2c520,茂旺,486.73,550.00,,10,
996,5134,e22c31b8829544e89cb5ee5623f5a495,茂旺,840.71,950.00,,10,
997,5156,4aec7261545d44e5a4ffea653594d778,茂旺,400.00,452.00,,10,
998,123,286db7a26de74fecb9129e98a04991f2,菱威,160.00,0.00,,20,
999,123,4f223aaef48d42a28c4a79d0a6680a2c,菱威,160.00,0.00,,20,
1000,5158,88ebfa5bd28a4ecab190115339e69875,茂旺,400.00,452.00,,10,
1001,5163,d2e0bbeb985346849dd341b693c05683,茂旺,420.00,474.60,,10,
1002,5230,31064d8adf6f47718236e644076e9ee4,茂旺,380.00,429.40,,10,
1003,5080,6d61e9ecffc146159a795e156bb57b7f,茂旺,389.38,440.00,,10,
1004,5089,6593b5776e994ce6bdcd7538cadbaa9d,茂旺,504.42,570.00,,10,
1005,5126,980852d901404dce88701f2e6f1b7a52,茂旺,380.53,430.00,,10,
1007,5153,786f0769c8a2405e80ad30d90bcc7470,茂旺,380.53,430.00,,10,
1008,5069,f99ec805a813422e9c015d7a94e40c3c,徽菱,3750.00,4237.50,3825.00,28,
1009,5105,a96e80ca153c40ee8fe8b92e45101d10,茂旺,650.00,734.50,,10,
1010,5077,fca3208d2e704dffbd8aa03fada4e22a,茂旺,670.00,757.10,,10,
1011,5085,48eabf91c9924c4db5eac65377d9ade2,茂旺,601.77,680.00,,10,
1012,126,bb8a02b2cb094d6ca18af7d1870961d1,菱威,320.00,0.00,,20,
1013,5154,146c0f5777794f52a9428f266d4c94b7,茂旺,707.96,800.00,,10,
1014,5109,8a40d85567f543af9a69f52ccb66672c,茂旺,720.00,813.60,,10,
1015,136,fab9aadef7ea4f41bd1760bd49844e2a,菱威,65.00,0.00,,20,
1016,136,e80144747d8140d597a80f4bc184ce73,菱威,65.00,73.45,,20,
1017,4381,02499283275e4c52a5ee96f73e189378,越沃,490.00,553.70,,42,
1018,4381,02499283275e4c52a5ee96f73e189378,菱威,480.00,542.40,,20,
1019,3,fad6a57ca53c42d0b5140a1e4ad4de26,菱威,440.00,0.00,,20,
1020,3895,9ca194aceeb1401abe1ba546b503a410,宏鑫,97.35,110.00,,64,
1021,150,7662e37d5bdd47e0b1a9ef44362dd495,宜电,0.00,0.00,,11,
1022,3895,9ca194aceeb1401abe1ba546b503a410,湖州讯通,88.50,100.00,,103,
1023,3323,0a27c19085f14b258404d921f4e06c73,菱威,440.00,497.20,,20,
1024,3323,69cdd26cc98d4c36b6c72b21b7b12676,菱威,480.00,542.40,,20,
1025,3765,5e1979d9961c4c29947108acc688bc23,南希,21.00,23.73,21.63,67,
1026,163,c60a3ddd25f042e5a9242b20780fbcbf,宜电,169.91,192.00,,11,
1027,3765,352388f1cf9049999ec6766780315ea3,南希,43.00,48.59,44.29,67,
1028,7,01ff43a9283f4904a4f8d2b15082cf48,菱威,630.00,0.00,,20,
1029,1134,a287bbd179c549658f79852a4dfd6bfe,南希,43.00,48.59,44.29,67,
1030,1134,e70c070b5f744080b8424aa61f4afbca,南希,21.00,23.73,21.63,67,
1031,173,183b2ef208614e8794a1353b1559a232,菱威,215.00,242.95,,20,
1032,3933,e44e5e426ac64b24872aa024120d2ea9,粤菱,650.00,,,19,
1033,3933,e44e5e426ac64b24872aa024120d2ea9,一瑞,550.00,621.50,,55,
1034,4970,a36ca32fee8a408d92651815caaf251d,东昇,5.00,5.65,,75,
1035,4970,a36ca32fee8a408d92651815caaf251d,一瑞,7.50,8.47,,55,
1036,180,898601eca3dc4769be030c53ff6782ac,菱威,0.00,0.00,,20,
1037,181,f9dfa2fafcdd4f4f9f77e0b9b81ebc7c,菱威,70.00,0.00,,20,
1038,182,7e2c5177f8ac4727a330e8c9e906acdd,菱威,0.00,0.00,,20,
1039,198,e5fb969818634fe38ccd70773da2afb4,宜电,0.00,0.00,,11,
1040,1461,c5c43b0975664c8590e72fb0c61c3701,梯安,50.00,56.50,,18,
1041,1461,e79550dc0ea34fff8a9886d236f6ee7e,梯安,76.00,85.88,,18,
1042,4473,d0ef66f87f814372b8b668aa74fe90e5,徽菱,240.00,271.20,244.80,28,
1043,4473,d0ef66f87f814372b8b668aa74fe90e5,梯乎,230.00,259.90,,77,
1044,4468,a36e89dff21548528dd9d31a998f371c,徽菱,450.00,508.50,459.00,28,
1045,4468,a36e89dff21548528dd9d31a998f371c,梯乎,400.00,452.00,,77,
1046,2712,4150f8c3dedc417fa25a8f3bef700692,菱威,120.00,135.60,,20,
1047,2712,61c5c280187c4ba1a8ecdfdd3ad0e404,新动力,70.00,79.10,,49,
1048,4272,5d452a4fad2e4d518a0e6a61b9bf8e32,菱威,110.00,0.00,0.00,20,
1049,869,98d2108899b44668963782e6ed507a74,梯乎,350.00,395.50,,77,
1050,869,c5a68ee635c04631884f0f449b20e77d,梯乎,200.00,226.00,,77,
1051,3603,0223cc6f395c44c3ad8da171676fbf02,梯乎,350.00,395.50,,77,
1052,3603,5ff62dd055ba411e93b117f0cc9e0a78,梯乎,200.00,226.00,,77,
1053,518,805f9033c4d54a9e87267102543a0e88,梯乎,1950.00,2203.50,,77,
1054,56,af101e3c27fe4b5aa2c8aab6ceb07b34,菱威,7200.00,0.00,,20,
1055,518,a364e55009b04a1c8d75b861613343e9,梯乎,850.00,960.50,,77,
1056,119,a6411271bcb1409694bda8ba0022d918,宏鑫,1221.24,1380.00,,64,
1057,4028,cda88541e0e943bd824155deee79edf8,梯安,970.00,1096.10,,18,
1058,4028,cda88541e0e943bd824155deee79edf8,菱威,860.00,971.80,,20,
1059,4162,dccbe496c61246b7aedf44ea26c1dcdf,龙奥机电,44.25,50.00,,95,
1060,4162,dccbe496c61246b7aedf44ea26c1dcdf,菱威,30.00,33.90,,20,
1061,4409,dd3a4c958ace4ca8a1085939f559eca6,菱威,85.00,96.05,,20,
1062,4409,dd3a4c958ace4ca8a1085939f559eca6,龙奥机电,88.50,100.00,,95,
1063,2371,e284676a433a45bcb78825322da98cd0,菱威,320.00,361.60,,20,
1064,5207,47928b841c1142af9e0c46c7de7eb833,菱威,110.00,124.30,,20,
1065,5197,c362f3e2e6224955815b5d5611f65f54,徽菱,400.00,452.00,408.00,28,
1066,5197,c362f3e2e6224955815b5d5611f65f54,梯乎,320.00,361.60,,77,
1067,130,19bda0bd4e824ec5b1cfda81ef2a729c,菱威,650.00,0.00,,20,
1068,130,19bda0bd4e824ec5b1cfda81ef2a729c,丽景恒泰,650.00,0.00,,84,
1069,4039,6142ef5ffc99496396dd8051a7c8a125,梯乎,280.00,316.40,,77,
1070,4039,6142ef5ffc99496396dd8051a7c8a125,徽菱,220.00,248.60,224.40,28,
1071,230,fdbd9f1b407843509dd429a08c21ad88,菱威,20.00,0.00,,20,
1072,230,b7ed05d6610744528f28aa1a40fb4fd3,菱威,20.00,0.00,,20,
1073,4540,4e6a1361890041ad8369c11a616cf157,徽菱,1600.00,1808.00,1632.00,28,
1074,4540,ca96b4e5d4a145f3bb60bb3d5363acb3,徽菱,1000.00,1130.00,1020.00,28,
1075,5389,3112a8ffb75b46e18314c6ab3e282640,新动力,1050.00,0.00,,49,
1076,4540,4e6a1361890041ad8369c11a616cf157,梯乎,1600.00,1808.00,,77,
1077,2994,d3e3a7db205441feb6c9d0b2e65cb734,梯乎,1500.00,1695.00,,77,
1078,5390,7d21ccfc214a4ac2b282f7f6a4da0249,湖州讯通,663.72,750.00,,103,
1079,2994,717b8527c84444cca3d32585585fbba7,梯乎,800.00,904.00,,77,
1080,5390,942b75ed18604d41a11787edd16d5678,湖州讯通,380.53,430.00,,103,
1081,5282,4cf18042cab24da9ad344fbfac18702d,梯乎,1500.00,1695.00,,77,
1082,5282,4cf18042cab24da9ad344fbfac18702d,徽菱,1800.00,2034.00,1836.00,28,
1083,5282,6a5a3131cabd4026835bb926c63c6302,徽菱,1100.00,1243.00,1122.00,28,
1084,4308,e142c97d500a490f88af0e9466bfa6ef,梯安,540.00,610.20,,18,
1085,4308,e142c97d500a490f88af0e9466bfa6ef,菱威,530.00,598.90,,20,
1086,4284,f63f584b163447e99cbac1af56e70627,梯乎,950.00,1073.50,,77,
1087,4284,b0594fd7c9b644ffb66a155d9435bc1a,徽菱,520.00,587.60,530.40,28,
1088,4815,78899369def046c7b93ed9bd59e7088d,徽菱,80.00,90.40,81.60,28,
1089,4815,430eb5342bce422e8d4f96522ca5f446,梯乎,120.00,135.60,,77,
1090,4019,45bb27291bcc43e59117339c9b8e6171,徽菱,1480.00,1672.40,1509.60,28,
1091,4019,45bb27291bcc43e59117339c9b8e6171,梯乎,450.00,508.50,,77,
1092,4371,4b9229d00c4b453a9f5c45867114b25f,宏鑫,2079.65,2350.00,,64,
1093,155,1dc7dbbb9d1541bfa913e7c899f34487,宏鑫,840.71,950.00,,64,
1094,3992,4d3211cf4f3346edae1e1369f2600acc,德威利,180.00,0.00,0.00,25,
1095,225,5c9d28c7926b4c4d892bb594904fff2b,菱威,120.00,0.00,,20,
1096,3991,1f246b460de24380ab07791717808f66,德威利,1230.00,0.00,0.00,25,
1097,148,8f57eddb8d3d40e3b39a8e4b0ec03be5,菱威,260.00,0.00,,20,
1098,3842,ffa5a8b6a00b478d9ade2ce180abc1a3,德威利,1285.00,0.00,0.00,25,
1099,231,c9055e7b368749dcabfced42c50cbe53,菱威,9.00,0.00,,20,
1100,4012,0c72fe453ac846148bcb7ba18f43aee3,梯安,130.00,146.90,,18,
1101,4012,07fa586c28fb494491a71c961f9d64b8,德威利,75.00,82.50,77.25,25,
1102,4959,a63ce3ff5b6d4adfbc2daa01b37b956a,德威利,65.00,71.50,66.95,25,
1103,4051,941a8284257e47a1b0717812ae40512c,梯乎,600.00,678.00,,77,
1104,4051,941a8284257e47a1b0717812ae40512c,徽菱,550.00,621.50,561.00,28,
1105,3123,53bf849b84fe4a56a598ed5e9f0b7bbd,惠州盈信,492.04,556.00,,68,
1106,3123,8152bc4414ba41569d3822492692c50b,大周,450.00,508.50,,52,
1107,4003,f455ff32ae634f0e8a9df3f19a4f559b,越沃,390.00,440.70,,42,
1108,4003,f455ff32ae634f0e8a9df3f19a4f559b,菱威,340.00,384.20,,20,
1109,221,2c6f76861afe402fbf9b41839e269cac,菱威,15.00,16.95,,20,
1110,221,f680e5c78d41410dac2a2bbcb0081f96,菱威,27.00,30.51,,20,
1111,1988,df83a57ae25b4c2fa73dd96dd1600a78,新动力,420.00,474.60,,49,
1112,1988,a2cccb27682c4f8d8960ba44aa7ee192,新动力,380.00,429.40,,49,
1113,490,470260aac5b24caf85baeed3ecad9e16,菱威,700.00,791.00,,20,
1114,490,a10f5d65179d4f108574052f4db8cd3a,菱威,680.00,0.00,,20,
1115,4543,5978dc35e85049e59ec8bce65d570442,新动力,580.00,655.40,,49,
1116,4543,ea61da1a5ac444ceaccbede425bfcf8a,菱威,790.00,892.70,,20,
1117,4532,9fc2856971a44d7881d522cc32ace1fa,新动力,780.00,881.40,,49,
1118,4532,9fc2856971a44d7881d522cc32ace1fa,菱威,750.00,847.50,,20,
1119,4096,4964ec0a71a34dc7b4a4d998cff45d8b,菱威,550.00,621.50,,20,
1120,4096,41f20b39edef4680b9689f19e3600de0,新动力,460.00,519.80,,49,
1121,1158,596b6af78ac7429bbae6e20d42cb93b6,菱威,180.00,203.40,,20,
1122,4697,12afd1774ba94fde9053f105c31d13c9,湖州讯通,176.99,200.00,,103,
1123,4697,cbc5d11c3cac40de8eff285d2cc4fa1f,宏鑫,172.57,195.00,,64,
1124,4697,12afd1774ba94fde9053f105c31d13c9,宏鑫,274.34,310.00,,64,
1125,1995,59442902bb7b43cfb67c341066ddc7b9,亿龙,115.00,129.95,116.15,74,
1126,1995,59442902bb7b43cfb67c341066ddc7b9,菱威,140.00,158.20,,20,
1127,49,9b56ce26292649c1aad60acebcb9fa7a,梯乎,180.00,0.00,0.00,77,
1128,49,ab0db0fbee7f4f9aaee1f96ebbe0f68d,梯乎,280.00,0.00,0.00,77,
1129,3071,bd605a95b7f64035b4173b38741f51e2,南希,200.00,226.00,206.00,67,
1130,3071,8e7e337a5127430faa579617241d7ade,南希,93.00,105.09,95.79,67,
1131,4935,922ce9cb30004899b1e5268d4543150b,菱威,215.00,242.95,,20,
1132,4935,4b57b890d9fb44249c88a76c0e4fb0a2,梯乎,220.00,248.60,,77,
1133,3406,5f5a26696ffe4fa2838fc088875f86a0,梯安,90.00,101.70,,18,
1134,3406,2d36e72f2b3942ad9f27aafe18b136a2,梯安,150.00,169.50,,18,
1135,4300,978dd53ff6a44f74a46fe572ea6960bb,徽菱,200.00,226.00,204.00,28,
1136,4300,978dd53ff6a44f74a46fe572ea6960bb,梯乎,240.00,271.20,,77,
1137,2991,9e78787dd6414913bc0585905d2cdaf9,梯乎,1200.00,1356.00,,77,
1138,2991,ef16d3781d4b48cfa44ba6b8adaeb5b8,梯乎,1785.00,2017.05,,77,
1139,829,2cef2796f0954fe99b05f599e15f075c,梯乎,60.00,0.00,0.00,77,
1140,829,685eaa6ef6cb4fa9b84bf5d5e57fc66e,梯乎,200.00,226.00,,77,
1144,3092,37512e28887345e8807dcae05b6a3f9f,湖州讯通,110.62,125.00,,103,
1145,346,c9dafaedcb294173a0696addbde5032e,菱威,0.00,0.00,,20,
1146,3092,81ffe7c315c345a397fa0f4c64d8e18c,湖州讯通,181.42,205.00,,103,
1147,3092,37512e28887345e8807dcae05b6a3f9f,宏鑫,119.47,135.00,,64,
1148,1543,bca0081e4ffe4ff9b334216d19229160,梯乎,260.00,293.80,,77,
1149,3711,9d654f8716174bf2a4c5d4dbc7a789d0,徽菱,60.00,67.80,61.20,28,
1150,3711,37485927b5724342acb99ec1e211a6cb,梯乎,80.00,90.40,,77,
1151,4795,68de2bd69ca04a26843c6801a4430d98,湖州讯通,619.47,700.00,,103,
1152,4795,68de2bd69ca04a26843c6801a4430d98,宏鑫,601.77,680.00,,64,
1153,347,5fb9a091caee4265bdee279be6b55b04,菱威,0.00,0.00,,20,
1154,290,a883eba88c314c32ba34e03bbe567a63,徽菱,750.00,847.50,765.00,28,
1155,290,3f379b61b41c4a6c92d5a9783e5e6f94,徽菱,650.00,734.50,663.00,28,
1156,348,086c77e6f3e54b8589a4f990ea668f0f,菱威,0.00,0.00,,20,
1157,3910,8be3e5452c3540fc85a248caea157b37,梯乎,300.00,339.00,,77,
1158,3910,8be3e5452c3540fc85a248caea157b37,徽菱,260.00,293.80,265.20,28,
1159,3197,21d5052115664d6b8ee6d0d9fb9d7e3d,新动力,80.00,90.40,,49,
1160,3197,be8a27637218413990c6e98d5d8426f1,新动力,60.00,67.80,,49,
1161,3766,21c67ba924074620a3f726d50cc3453c,菱威,42.00,47.46,,20,
1162,3766,46478cadf1f44e8e9414bd975388b5c5,菱威,52.00,58.76,,20,
1163,2975,20c22c3cde154955a53263aaa308beb2,菱威,570.00,644.10,,20,
1164,2975,ebedcf04b163459a954b64c2056aef7f,菱威,115.00,129.95,,20,
1165,4011,1654ee1fbf0740b89d2b27cd6e806dc7,越沃,420.00,474.60,,42,
1166,4011,1b27c0eb951a447e99971df567bf0573,越沃,330.00,372.90,,42,
1167,1880,4a47771234d442aa98c63be2e244f614,菱威,455.00,514.15,,20,
1168,1880,97151d3eb5e74afc906e156202feb841,菱威,510.00,576.30,,20,
1169,2493,fa20c181a0cf441dba6ceb06a7e1eb18,菱威,500.00,565.00,,20,
1170,2493,12d304fedba546d480102e89fd8f27c1,菱威,1200.00,1356.00,,20,
1171,4905,97118b0ac9784376b7c070c16b102016,龙奥机电,398.23,450.00,,95,
1172,4905,97118b0ac9784376b7c070c16b102016,菱威,350.00,395.50,,20,
1174,4353,880ab8ce595a4cbf880c5c06befb87ad,梯安,670.00,757.10,,18,
1175,4353,880ab8ce595a4cbf880c5c06befb87ad,菱威,650.00,734.50,,20,
1176,5284,9ea479ac8adf4977be5baa22fe6d7c85,梯乎,1000.00,1130.00,,77,
1177,5284,32e021de3ff548a5bcdd61cab1299fbd,梯乎,550.00,621.50,,77,
1178,5029,d8b9be2270b842d6b055d7ac295e77f6,宏鑫,814.16,920.00,,64,
1180,5029,21327a1e88cb4a008a6593462eb77528,菱威,880.00,994.40,,20,
1181,5029,d8b9be2270b842d6b055d7ac295e77f6,湖州讯通,548.67,620.00,,103,
1182,2993,9d553b45427a465a9459dc0636eb87ae,梯乎,150.00,169.50,,77,
1183,2993,fb6f0986d5ef46638831e1f9aa54fd0b,梯乎,270.00,305.10,,77,
1184,5388,659047c594c94d4bb71d7791090b90bd,梯乎,0.00,0.00,300.00,77,
1185,5388,659047c594c94d4bb71d7791090b90bd,徽菱,400.00,0.00,0.00,28,
1186,3248,1f744a6027e44161896ae9bf17f22fe1,阿卡宋,389.38,440.00,,8,
1187,5388,b0b3b19c46154e4099e1cafb775a3698,梯乎,0.00,0.00,130.00,77,
1188,5388,b0b3b19c46154e4099e1cafb775a3698,徽菱,130.00,0.00,0.00,28,
1189,3974,047b8bad5caa4c1589c62acdfbfaeff7,门科,460.00,,,4,
1190,3974,047b8bad5caa4c1589c62acdfbfaeff7,湖州讯通,451.33,510.00,,103,
1191,4685,6cb9bc5c312d470bae8931fb93706f54,阿卡宋,398.23,450.00,,8,
1192,4394,e0324a71bb404469af6b83ebd23eed0e,苏州尼隆,176.99,200.00,,102,
1193,4394,e0324a71bb404469af6b83ebd23eed0e,阿卡宋,265.49,300.00,,8,
1194,5391,42a770e75cd6487cb7624e49b8d082dd,菱威,210.00,0.00,,20,
1195,4675,0c9b64e48d5f429a817b92b7548474fa,苏州尼隆,185.84,210.00,,102,
1196,4675,0c9b64e48d5f429a817b92b7548474fa,阿卡宋,283.19,320.00,,8,
1197,2982,f519089b25504f7dba9f1ef7f14c63ca,徽菱,650.00,734.50,663.00,28,
1198,2982,f519089b25504f7dba9f1ef7f14c63ca,梯乎,750.00,847.50,,77,
1199,5392,678ffb64c6c34ce2a3db493e6b640044,菱威,450.00,0.00,,20,
1200,2438,d67780dda78f4585b9ab690a0124a097,菱威,1280.00,1446.40,,20,
1201,2438,1f05010199a6451b8de07ad1b632eaf3,菱威,550.00,621.50,,20,
1203,4364,a8a710e65c9e4229aa5cf8a215e9aac5,菱威,1050.00,1186.50,,20,
1204,2096,d624d4c17a7d4d1e9f2d64019b39026c,菱威,2580.00,2915.40,,20,
1205,1604,8f602e7de0b448fb8219b90c4c6ae5d1,菱威,1100.00,1243.00,,20,
1206,1604,583c152c9c7045278a6338f3923c354c,菱威,5600.00,6328.00,,20,
1207,1045,8086d46c1ef446658cc125346e83b87f,菱威,385.00,435.05,,20,
1208,1045,1474bae109c54e668d200899ac5f5c96,菱威,635.00,717.55,,20,
1209,2414,b326da73905048b089c79ae069a90744,菱威,1030.00,1163.90,,20,
1210,3331,b7e04ce8057a462db2c68875f2cbbf1b,菱威,500.00,565.00,,20,
1211,3331,99442cc2d34d4501bee652ef87ba2442,菱威,380.00,429.40,,20,
1212,1563,a817c0ecd81a4f5fab86ba2ee8c9a645,菱威,2650.00,2994.50,,20,
1213,1563,ebcba0f880a24df48870d6d73d75e275,菱威,7700.00,8701.00,,20,
1214,2320,94db9711d745412dbb66d7a74d3de523,菱威,600.00,678.00,,20,
1215,1124,f76e9f920e3640caa73689f50ac6a114,菱威,680.00,768.40,,20,
1216,1124,dc5de17420774475b7bc7a34675647ba,菱威,360.00,406.80,,20,
1217,5393,d2a2e9c24b244dd597a5ca976abc4d49,菱威,135.00,0.00,,20,
1218,2632,6708dc4e18174c749419b3b414288926,菱威,850.00,960.50,,20,
1219,2632,e9af678a3cfc4e289e97c841116f3ffe,菱威,460.00,519.80,,20,
1220,4595,4938deebed2341bab0df58236f897e5e,菱威,2650.00,2994.50,,20,
1221,4595,f9190e96240f46b797dcfa704ce42d13,菱威,650.00,734.50,,20,
1222,4758,4df7a8a1490d4d2cb39bf5831f312a69,徽菱,11500.00,12995.00,11730.00,28,
1223,5394,4c1644f1103d406faf2ec08a57b8f616,吉菱机电,0.00,0.00,,48,
1224,4758,4df7a8a1490d4d2cb39bf5831f312a69,梯乎,8500.00,9605.00,,77,
1225,4459,cf6bd3e712414e4a9c3f80ffe732cb5f,菱威,900.00,1017.00,,20,
1226,4646,072fde0e696b4cde8da8caf06da6467e,菱威,1230.00,1389.90,,20,
1227,4306,ae9d7fb0a9b9484c97a80e6df6524ca2,梯安,1180.00,1333.40,,18,
1228,4306,ae9d7fb0a9b9484c97a80e6df6524ca2,菱威,1220.00,1378.60,,20,
1229,2059,f24cfeae14b745528d84e691d9413b8b,南希,650.00,734.50,669.50,67,
1230,2059,bfb6f6d08dd84cb7a2ad22cf788de492,南希,400.00,452.00,412.00,67,
1231,3419,cc6e34c06e264a56a2724dccb22546e5,梯乎,1050.00,1186.50,,77,
1232,3419,56f6ef9a3e4f43869a41cd2915ec5218,徽菱,4000.00,4520.00,4080.00,28,
1233,2901,33bb4b0c76cf4324a3f402a2d5828ca8,梯安,1170.00,1322.10,,18,
1234,2901,33bb4b0c76cf4324a3f402a2d5828ca8,菱威,1250.00,1412.50,,20,
1235,1359,9f30730f43ac4650a764c9288f19ea4c,菱威,1500.00,1695.00,,20,
1236,1359,e690d80f2ff84f3aaad6ced84fa7526c,菱威,1100.00,1243.00,,20,
1237,1366,e5372631d39540aa8083f421977d0cd1,梯乎,1800.00,2034.00,,77,
1238,1366,3e0c485113624536b128ae0ec6f6c226,梯乎,4100.00,4633.00,,77,
1239,2782,22bea6dcb0f841d78e0e76ddf2c9c9e2,大周,35.00,39.55,,52,
1240,4615,f51214dae1314892a2bef7bc44bead50,湖州讯通,53.10,60.00,,103,
1242,5367,17d58e2f91fb4f6190db79b191baa37b,菱威,1250.00,0.00,,20,
1243,3922,32d642dd816745cfbeb465ff933b4a0e,菱威,65.00,73.45,,20,
1244,3922,4dc456f9150e4b1aa43fbc5bcebcca1c,菱威,46.00,51.98,,20,
1245,999,a78ae343679747a4b9352f668363b845,菱威,1700.00,1921.00,,20,
1246,999,234af20f8f2a49ebba7c1166e4dee902,菱威,1350.00,1525.50,,20,
1247,632,ec21c2d53dfe4cfd90a2eb310890a82f,菱威,1750.00,0.00,,20,
1248,4534,d257fe7e93bb495987634837838db510,越沃,17.00,19.21,,42,
1249,4534,d257fe7e93bb495987634837838db510,大周,18.00,20.34,,52,
1250,2263,53ba6d48c5e6407e99074c36f80acc8b,大周,6.50,7.34,,52,
1251,4358,a96acaac9e7d4fae916bf329dac14429,越沃,18.00,20.34,,42,
1252,4358,38cbffbbc7f3490cba0517c9fc906576,越沃,8.00,9.04,,42,
1253,3873,55ee057bb6c047e688f412504dff03f5,宏鑫,2123.89,2400.00,,64,
1254,3873,55ee057bb6c047e688f412504dff03f5,湖州讯通,1814.16,2050.00,,103,
1255,5395,4a419fc8749c485a8d14ae6188b825e5,越沃,60.00,0.00,0.00,42,
1256,420,9afec0e67d49441fa4511d6873e666ff,南希,85.00,96.05,87.55,67,
1257,2123,7e4dd53380b541d89dd88aa02a262d08,菱威,40.00,45.20,,20,
1258,2909,91eba8244e38489d9ca33611da91e857,菱威,480.00,0.00,,20,
1259,4090,4f3727d3db5f4601812cb3fe7ca6d396,菱威,17.00,0.00,,20,
1260,5396,4f1780cab2d040a88f35fd852fcc789f,大周,22.00,0.00,,52,
1261,167,cb4921fcb53d4fabae41782719bd5832,菱威,2300.00,0.00,,20,
1262,167,3a97406d6caf4f4586de37bd63c361fe,菱威,1000.00,0.00,,20,
1263,5397,693a4f68e99c4779bfa3c26696c06651,南希,1500.00,0.00,0.00,67,
1264,5398,206ac5bb44b3493d8c45c7c3702b1fe4,菱威,120.00,0.00,,20,
1265,457,a020e1a8ed70441aa547a9dd9b060fdf,梯乎,3200.00,0.00,0.00,77,
1266,1421,c80b6b783d104c45be7e90c338e1d63b,徽菱,200.00,226.00,204.00,28,
1267,457,9905dc6177a24a5db8b4aa2d078ce1d1,梯乎,1300.00,0.00,0.00,77,
1268,1421,109f7f5c719a46d79089043e9c66af3c,徽菱,130.00,146.90,132.60,28,
1269,2611,e700feff721a4c43a49afead99c9a487,梯乎,900.00,1017.00,,77,
1270,2611,aa1b2a576ccc46eca8ed89f345d87d22,梯乎,500.00,565.00,,77,
1271,3269,bb80b0a52f664bdab53d121b0cb304c2,梯乎,280.00,316.40,,77,
1272,3269,b5e5bab8f7614ff9b134f8d42b5fbb5f,梯乎,550.00,621.50,,77,
1273,3453,d4c83e2f133c4f84856e83214b07b821,宜电,201.77,228.00,,11,
1274,4338,58fe8b640e514c9cabd4ae4ea5bf6433,菱威,700.00,791.00,,20,
1275,4338,2124c5d6fe414e3e94b30e6122c2e801,越沃,750.00,847.50,,42,
1276,547,fa4e52024d2a4383968ea809150bb1e5,梯乎,900.00,0.00,0.00,77,
1277,547,625918cea61249f3847e751c9507ef4f,梯乎,450.00,0.00,0.00,77,
1278,4609,68c122a05b5d487fa2da248d2e17f47f,湖州讯通,185.84,210.00,,103,
1279,4609,cc4488b7141d43fa9fa29b1ed9e171fc,宏鑫,137.17,155.00,,64,
1280,4922,1931f249e43a49cc95c2f3a05166b5e2,沈阳蓝光,338.05,382.00,,107,
1281,547,fa4e52024d2a4383968ea809150bb1e5,徽菱,1000.00,0.00,0.00,28,
1282,4922,1931f249e43a49cc95c2f3a05166b5e2,菱威,520.00,587.60,,20,
1283,584,fd90fb410b784543a9133eab79b00cf5,梯安,245.00,0.00,,18,
1284,3847,d2b414762a6341229ef69db5e7d6a621,越沃,265.00,299.45,,42,
1285,4882,5851871c89664a72bf7d08b3420f0b18,越沃,130.00,0.00,0.00,42,
1286,3808,86943520b40348b1a75e3c89195449d4,菱威,180.00,203.40,,20,
1287,2435,a72a1db032c74782bfaf5d3edcc1874a,宏鑫,1522.12,1720.00,,64,
1288,4219,eb18254bda8e45b19526fc8bde880b1f,宏鑫,469.03,530.00,,64,
1290,4219,1d4c78ed65874f3c95e33ddaba468105,宏鑫,734.51,830.00,,64,
1291,1811,820039ca64134935950b5a407a997469,菱威,150.00,169.50,,20,
1292,1811,a14ec024b760408eae4be22c0b42025d,菱威,260.00,293.80,,20,
1293,685,c17684ed481244d68faba0a57c61e612,梯乎,280.00,0.00,0.00,77,
1294,3747,6f77022f01c7483c80d1564941041741,菱威,150.00,169.50,,20,
1295,3747,ccf1d49a6fb6405a9f339937c36da1c7,菱威,260.00,293.80,,20,
1296,3684,f95c05546a3f42189de9234a583cd699,菱威,150.00,169.50,,20,
1297,3684,1dcaada500204cf59e918cef52fcd156,菱威,260.00,293.80,,20,
1298,3538,9658af49c753463da966a00aa715f3cb,菱威,260.00,293.80,,20,
1299,3538,7df9ff5ee37941bab8bda6ae55d027ac,菱威,150.00,169.50,,20,
1300,685,c17684ed481244d68faba0a57c61e612,徽菱,300.00,0.00,0.00,28,
1301,692,d7e5990796bf46818f6d58553e49c6f6,梯乎,800.00,0.00,0.00,77,
1302,692,d7e5990796bf46818f6d58553e49c6f6,徽菱,900.00,0.00,0.00,28,
1303,692,e3a516e55fb94582a719921c0e7b1809,梯乎,110.00,0.00,0.00,77,
1305,2617,2deb22c75bf24fd7b12534b9805d8112,大周,3.50,3.95,,52,
1306,5399,3afeeaa7e87441daa10e70a65edff86c,菱威,450.00,0.00,,20,
1307,3455,0e660b0852744de3985c3b82a055a94d,菱威,110.00,0.00,,20,
1308,4315,66ef393630ba4567902a3cd9a55f01d0,梯乎,310.00,0.00,0.00,77,
1309,5400,9ff6b961b7b6449285c975f085ff2e0e,沈阳蓝光,0.00,0.00,,107,
1310,5401,144f806de9d64b538becbf8444d619d4,沈阳蓝光,73.45,83.00,,107,
1311,696,ef2807d6d37f4d9eb037cd1ae42bf7c1,梯乎,0.00,0.00,,77,
1312,5401,f9837ba9926340e1be6c0fee1e3bf15b,沈阳蓝光,87.61,99.00,,107,
1313,687,5e3ef03145ee44a38cf752ba3e7d7147,徽菱,180.00,0.00,0.00,28,
1314,716,f68ee711dd8f4ac984784194500acf58,梯乎,3485.00,0.00,0.00,77,
1315,716,f68ee711dd8f4ac984784194500acf58,徽菱,3500.00,0.00,0.00,28,
1316,716,ffb21966c4324959b45c68a9d89cf243,徽菱,2100.00,0.00,0.00,28,
1317,5402,5a6e57db065e4b97b0c6ba1ebca4bb3e,菱威,140.00,0.00,0.00,20,
1318,588,ca6b87671b7c42f0866a47cb206bd0cf,梯安,220.00,0.00,,18,
1319,5402,5a6e57db065e4b97b0c6ba1ebca4bb3e,越沃,210.00,0.00,0.00,42,
1320,299,99bc69a3dee2464abdae54ed74d2237d,梯乎,3000.00,0.00,0.00,77,
1321,299,99bc69a3dee2464abdae54ed74d2237d,徽菱,3200.00,0.00,0.00,28,
1322,2650,c36f3804ffd64f88beb89fa759c32fab,湖州讯通,39.82,45.00,,103,
1323,299,635aed5a872048d2af4827148d2dc696,梯乎,1400.00,0.00,0.00,77,
1324,2650,3d6c2104114840e195376b26ec45d345,湖州讯通,14.16,16.00,,103,
1325,2651,bb5be583b871480c9f5e2ad4ae057510,湖州讯通,39.82,45.00,,103,
1326,2651,2c11bff68c7049b3ae7974e62845cf68,湖州讯通,14.16,16.00,,103,
1327,1067,a02b6cc243aa403db3afe3df11f5af27,徽菱,3700.00,0.00,0.00,28,
1328,2085,0998b4cb2c3f4277ab5139215dc80f88,梯乎,1870.00,0.00,0.00,77,
1329,5403,4f84ea32b883490093cf0ea05ca72b0d,宏鑫,1221.24,1380.00,,64,
1330,5403,4f84ea32b883490093cf0ea05ca72b0d,湖州讯通,1327.43,1500.00,,103,
1331,5403,4e1a925257fc46c8adea9a6d5ec12b2a,湖州讯通,707.96,800.00,,103,
1332,2085,0998b4cb2c3f4277ab5139215dc80f88,徽菱,1600.00,0.00,0.00,28,
1333,2085,14fda702eece4eea8ef1706584d43677,梯乎,850.00,0.00,0.00,77,
1334,5404,cf7e9e478499484ebb6af52f948f72a9,德威利,80.00,0.00,0.00,25,
1335,5404,cf7e9e478499484ebb6af52f948f72a9,大周,65.00,0.00,0.00,52,
1336,4372,7676031ec5b4434aad11c04a95e27e0f,德威利,280.00,0.00,0.00,25,
1337,4373,79169387cf6c434abc6e175577635182,德威利,470.00,0.00,0.00,25,
1338,4001,34a78bc0d2ea461ba64a7c64cea4d0b5,德威利,550.00,0.00,0.00,25,
1339,4118,1965976fd6a04913902ce4827e93370d,德威利,268.00,0.00,0.00,25,
1340,161,5b0cf8a8f4aa414caf570a1f349a883d,梯安,690.00,0.00,,18,
1342,4429,80b5fc6922e646fdb66cdf4e18a6d83f,湖州讯通,207.96,235.00,,103,
1343,4429,a4b06d9decb4490b83a54db92de26770,宏鑫,194.69,220.00,,64,
1344,4146,eaec1a72433d4b06960d5b24a9f28d1a,越沃,190.00,214.70,,42,
1345,5276,ada861e82fb24195af73237c07628888,徽菱,100.00,113.00,102.00,28,
1347,349,28e5f6588ae74b6c83590d6649416e4f,菱威,90.00,0.00,,20,
1348,5276,e92983ce0e5241e484476c37536a3e54,梯乎,1080.00,1220.40,,77,
1349,487,9e4631e85437492883be4490952a7cbe,梯乎,350.00,395.50,,77,
1350,106,da00ae89f78d40eb92dbda95d7b266ed,梯乎,175.00,0.00,0.00,77,
1351,106,fc1aceaa46fd4010b37d7876c82178fc,徽菱,500.00,0.00,0.00,28,
1353,353,7f0a83f38eb14f2cb679072d398180a7,菱威,35.00,0.00,,20,
1354,2787,5259e4a9be4541a4983c1852eeb82eb9,菱威,230.00,259.90,,20,
1355,2787,66ba283fc37f408a8f2c6858824542ae,龙奥机电,154.87,175.00,,95,
1356,4455,871bf62eb25f4a549ad551bef9169019,龙奥机电,146.02,165.00,,95,
1357,4455,871bf62eb25f4a549ad551bef9169019,菱威,140.00,158.20,,20,
1358,4584,123e1b697b8a43099be9adfc85dc376c,丽景恒泰,320.00,361.60,,84,
1359,4584,123e1b697b8a43099be9adfc85dc376c,菱威,310.00,350.30,,20,
1360,2984,a2acc6c082684238b7a66a1bec22b892,丽景恒泰,180.00,203.40,,84,
1361,5191,c8f0a46f8fe14f8b9d6e7c5e3d598ada,梯乎,50.00,56.50,,77,
1362,5191,d56788e61b3e460485a650edd9e53a4b,梯乎,90.00,101.70,,77,
1363,5191,c8f0a46f8fe14f8b9d6e7c5e3d598ada,徽菱,40.00,45.20,40.80,28,
1364,5191,d56788e61b3e460485a650edd9e53a4b,徽菱,65.00,73.45,66.30,28,
1365,4297,dbda0cb096c34932bd750b10927412de,烨程,2.50,2.82,,12,
1366,350,d6e1b22a87044bb98c97b1c80f786b9e,菱威,100.00,0.00,,20,
1367,355,e258f2c6fa65462b9649aa6aa0edaec5,菱威,200.00,0.00,,20,
1368,2999,122e2693e896418c8c9044e8d472e815,茂旺,486.73,550.00,0.00,10,"special,general"
1370,3620,3fb5f62151ec4b31bf58682618fb8564,茂旺,690.27,780.00,,10,
1371,3619,89625e6935c24b0890b2a2497d62157b,茂旺,486.73,550.00,,10,
1372,3210,20661712f5d14358a786a02caadf70fd,展力,398.23,450.00,,5,special
1373,4756,52d5a993a3c8402c80a254455553801e,大周,65.00,73.45,,52,
1374,4177,39b7cc3969774848bb7b111b97c62663,越沃,440.00,497.20,,42,
1375,4177,39b7cc3969774848bb7b111b97c62663,新动力,580.00,655.40,,49,
1376,4045,92c5f2dc510a4aec896594c3140dd758,梯乎,350.00,395.50,,77,
1377,4045,2dbd77171e054ec989f364250002e387,德威利,170.00,187.00,175.10,25,
1378,4878,7f7709594afa4185b4bfaa58e75fc275,徽菱,300.00,339.00,306.00,28,
1379,4878,7f7709594afa4185b4bfaa58e75fc275,梯乎,170.00,192.10,,77,
1380,3107,61e8ea23eb254a52a353e6d4a16ea93c,梯乎,200.00,226.00,,77,
1381,3107,a3f51e67223e46d387c6243a7d05002e,德威利,55.00,60.50,56.65,25,
1382,3438,e8d269a1e63d4990b51330df82e47b7c,大周,14.00,15.82,,52,
1383,357,dbf6f727840441b4987fc925c56f9a83,菱威,180.00,0.00,,20,
1384,3438,c44e7970dd8741db87f6ca56926059ea,大周,10.00,11.30,,52,
1385,2598,0b21abb4ac2445bf91bb035a9ec3c4be,新动力,880.00,994.40,,49,
1386,238,8734c64ae3f349ef988221a88f0a05a1,新动力,1100.00,1243.00,,49,
1387,238,f85d8dd9c4804958a794827ba33579e5,新动力,500.00,565.00,,49,
1388,2419,482ac69d4eb843eba581ffd81beed6cf,新动力,560.00,632.80,,49,
1389,371,167aa2bd2e324c82b84e363d009ef8eb,越沃,85.00,0.00,0.00,42,
1390,2479,d1f0c340810b461d9f0d31db0f4aaea2,新动力,390.00,440.70,,49,
1391,2479,b5a1173e90624647bcbd7c742f4bb7eb,新动力,410.00,463.30,,49,
1392,459,b04d96de9412419ea6679c174a140eb0,菱威,400.00,452.00,,20,
1393,4225,060b6855c3ea4d6d8566e75638361c7c,湖州讯通,486.73,550.00,,103,
1394,4225,060b6855c3ea4d6d8566e75638361c7c,宏鑫,460.18,520.00,,64,
1395,1869,09046b7a1ff14d2e9ffb77d4ee675a17,宏鑫,504.42,570.00,,64,
1396,1869,0e0c830f8d144733a942c3dba00df090,宏鑫,1486.73,1680.00,,64,
1397,2838,32ebef6408594f899143d948afa85e3a,梯乎,2800.00,3164.00,,77,
1398,2838,16604cd7d91a4929bb68bd368bd4f57d,梯乎,2000.00,2260.00,,77,
1399,4746,56a134ae5a604c4ca821d6df6a995449,梯乎,2000.00,2260.00,,77,
1400,4746,71684d3f53e84c00a2decd467c926438,梯乎,2800.00,3164.00,,77,
1401,4746,e18f9a8d2bba43d5877e3bdfd84a6fb9,徽菱,2200.00,2486.00,2244.00,28,
1402,4746,71684d3f53e84c00a2decd467c926438,徽菱,3000.00,3390.00,3060.00,28,
1403,1519,90d1d6c4446846468eb56b2c1f6cedfe,梯乎,3000.00,3390.00,,77,
1404,1519,efd2d615b23e43f0bf87d920bee139b7,梯乎,3800.00,4294.00,,77,
1405,4199,0e681ef14571464da05178122304dbf7,徽菱,1200.00,1356.00,1224.00,28,
1406,4199,0e681ef14571464da05178122304dbf7,梯乎,1150.00,1299.50,,77,
1407,1553,914c857b691247c8b6151cecde9b12bd,梯乎,4800.00,5424.00,,77,
1408,1553,77a072af36584720a79f5677bde06b9c,梯乎,900.00,1017.00,,77,
1409,4808,83bacca4363e48fc82197bb0567f87d7,湖州讯通,522.12,590.00,,103,
1410,4808,83bacca4363e48fc82197bb0567f87d7,宏鑫,530.97,600.00,,64,
1411,1846,094a5cf4067c4c459173bbbe5da7ca21,梯乎,2400.00,2712.00,,77,
1412,1846,f44f902fef6043e4886d007e9902d34d,梯乎,2900.00,3277.00,,77,
1413,1528,a94ad7b08e604dfdab58ef6204d45512,梯乎,2400.00,2712.00,,77,
1414,1528,95334a25f1df4add88f45bbc1d4bfc99,梯乎,600.00,678.00,,77,
1415,1528,f8c8787591e34d9493cb63f730c27801,徽菱,2300.00,2599.00,2346.00,28,
1416,356,71e74139c25f4019aeac21de4290c386,菱威,33.00,0.00,,20,
1417,373,f959a8d5530d44718ae63341db9cec85,菱威,100.00,0.00,,20,
1418,373,f959a8d5530d44718ae63341db9cec85,亿龙,130.00,0.00,,74,
1419,4213,b13cf0492faa4dbc9ce918bb0f5168ec,梯乎,500.00,565.00,,77,
1420,4213,d5c31a8c7503426982887fbbd1618819,梯乎,3000.00,3390.00,,77,
1421,1452,1fe81fd9793f44979a4259218b4e51bb,梯乎,2400.00,0.00,0.00,77,
1422,1452,891186a0dcd14739aceb2b7c56db0400,梯乎,1800.00,0.00,0.00,77,
1423,202,043bf989b7c74511995f405dd18f61be,梯乎,1800.00,2034.00,,77,
1424,202,414063cddf4741018edd38662f5e05f3,梯乎,2400.00,2712.00,,77,
1425,481,3146145adc5d4546805b835203b073e4,梯乎,2900.00,3277.00,,77,
1426,481,fd64daaf314140ddbd311351501a08b6,梯乎,2600.00,2938.00,,77,
1427,3062,abe0992547d14104977bb8eb97114702,梯乎,2400.00,2712.00,,77,
1428,3062,2b8c526934ae4cc7984bdbefc988867e,梯乎,1800.00,2034.00,,77,
1429,3048,c2a227dc8e784044a4a81010cdbe8e18,梯乎,1800.00,2034.00,,77,
1430,3048,b6f92e3f6940437fa293175b13028b9a,梯乎,2400.00,2712.00,,77,
1431,4471,fa2ad39cbfa74067b7fee422a4531dae,菱威,900.00,1017.00,,20,
1432,4471,fa2ad39cbfa74067b7fee422a4531dae,梯安,950.00,1073.50,,18,
1433,3558,d308c829695b4e1fb94549c1ec6ff4ee,梯乎,1300.00,1469.00,,77,
1434,3558,6431c4cb59fd4d30874667f8e467726a,梯乎,2200.00,2486.00,,77,
1435,4176,9bb46e0e1dde475caf26cd080e453d17,徽菱,3550.00,4011.50,3621.00,28,
1436,4176,9bb46e0e1dde475caf26cd080e453d17,梯乎,3550.00,4011.50,,77,
1437,4000,768aeaf3e25d4a0584f036ea9326cf28,菱威,45.00,50.85,,20,
1438,4000,9ce3453ef2ee49bda465dcb048e645c5,越沃,12.50,14.12,,42,
1439,4453,67d426a48b884e94a68333c2333a79c6,菱威,33.00,37.29,,20,
1440,906,6fc1df57fd8741ccacbb7369e0c7e3a8,菱威,2300.00,2599.00,,20,
1441,419,19d00c33295547b29fceeec8603028da,新动力,680.00,768.40,,49,
1442,419,c2953aded61b4b89a61134f1ef22e4a0,新动力,435.00,491.55,,49,
1443,1193,efb1245765624f4c9bc748b8380d8f83,菱威,3600.00,4068.00,,20,
1444,1193,9c313afa55bf41bda0c289f2d625c2c1,菱威,2650.00,2994.50,,20,
1445,1766,e2f3e01d4af24b9c85463a6aa9f9f44e,梯安,2600.00,2938.00,,18,
1446,1766,10bc140637424034a0d9329ff4bf92a2,梯安,2450.00,2768.50,,18,
1447,378,99bc5c85f1094954843f6b247679f825,菱威,0.00,0.00,,20,
1448,2741,fae09690b9da4b7cb78d8d9ee07cd27f,梯安,3000.00,3390.00,,18,
1449,2741,8d1928a8e9424117bc6dc14eda573539,梯安,2600.00,2938.00,,18,
1450,397,7a94f375107149449800fa54866a9e7f,宜电,38.50,43.50,,11,
1455,1629,7add6c47012b48aabcb5752bb9a16a29,梯安,2000.00,2260.00,,18,
1456,1629,7add6c47012b48aabcb5752bb9a16a29,菱威,2100.00,2373.00,,20,
1457,4481,024432808d60483c94151bbe6cb676c3,菱威,100.00,0.00,,20,
1458,4481,eb734493237f453886241f9e31c233f2,菱威,100.00,113.00,,20,
1459,2769,12d54b46954146b8bafa91fdc06ca4e1,梯安,2350.00,2655.50,,18,
1460,1629,77a33c1e8d6b425d9d3cb41a3718249b,梯安,2200.00,2486.00,,18,
1461,2510,d4d1761623da492ebcad5996ea4a5b6f,徽菱,1550.00,1751.50,1581.00,28,
1462,2510,d4d1761623da492ebcad5996ea4a5b6f,梯乎,1640.00,1853.20,,77,
1463,5405,896d7c40cad14ab681b0499b4ce480e5,宜电,47.79,54.00,,11,
1464,2748,7125ecd32af1413aa379921dba7cbd7a,梯乎,1600.00,1808.00,,77,
1465,2748,e0647e21e2f94f7389b31d6a9388830d,徽菱,1500.00,1695.00,1530.00,28,
1466,5406,ace370d86d484a6389c6f7d043aeda92,菱威,620.00,0.00,,20,
1467,421,3e1bdfd409874d5e9542d5ca30d363cb,梯安,3350.00,3785.50,,18,
1468,421,0df17f8ab7d64ec3afb4a6f8834ca665,梯安,3600.00,4068.00,,18,
1469,4460,5881df7530af45c48f81231fb9ddd64f,梯乎,360.00,406.80,,77,
1470,4460,5881df7530af45c48f81231fb9ddd64f,徽菱,350.00,395.50,357.00,28,
1471,4191,6c5eae67c5c54f0f8ed86f133b151a65,越沃,15.00,16.95,,42,
1472,4191,6c5eae67c5c54f0f8ed86f133b151a65,大周,11.00,12.43,,52,
1473,5407,fa4dd44794f2443db47323d99b32bbe9,宜电,94.25,106.50,,11,
1474,4903,3ae65adc08e949678ef6f4fa317ae17b,宜电,39.38,44.50,,11,
1476,401,b0fa5b5e7c9f4869a27571326fb179c7,菱威,98.00,0.00,,20,
1477,400,f3287ced56e64f458e8b0857540e7125,菱威,295.00,0.00,,20,
1478,3719,57dd557629f84de1aa71549f2176b12a,新动力,460.00,519.80,,49,
1479,3719,cb1bb88e2871413da1892ca6243262b7,新动力,410.00,463.30,,49,
1480,1609,bec285e89d83416b83c7ac506b236485,菱威,550.00,621.50,,20,
1481,2609,b4ffe64c75404ec982693a09caca7343,菱威,2250.00,2542.50,,20,
1482,2609,fda5a1e0246f481b814f50f6016a3efd,菱威,1000.00,1130.00,,20,
1483,2897,e63c19fb6fe24451ad74e76a17b1610c,梯乎,1250.00,1412.50,,77,
1484,2978,4b13a8267f5848a7849766728b767816,菱威,4400.00,4972.00,,20,
1485,2978,61ebbfed82a04a4d96c0864a687d8508,菱威,4700.00,5311.00,,20,
1486,2692,cfe45e44385449e3b0eb6cb001ae311a,阿卡宋,800.00,904.00,,8,
1487,264,8dd9242631ae48719b9c8e445f374fd0,菱威,750.00,0.00,,20,
1488,2692,beceedd2fcb848e3947d997a11562937,阿卡宋,800.00,904.00,,8,
1489,4791,d96ac67a310c413d8f456168bd731d6b,苏州尼隆,230.09,260.00,,102,
1490,2065,4a23cf68f8d548cda216f314005a88f3,阿卡宋,362.83,410.00,,8,
1492,4535,2550302d9fe14ff2a696c303be2fc862,维超机电,57.52,65.00,,93,
1493,4535,2550302d9fe14ff2a696c303be2fc862,科瑞迪,57.35,,,81,
1494,4823,99ef792411144970a0833f6a52fa1006,菱威,85.00,96.05,,20,
1495,4823,8232ea9eada34e2a8a7386e7235ffd03,菱威,155.00,175.15,,20,
1496,629,28309ef7600b4537a281cb9d87c4f2cd,菱威,150.00,0.00,,20,
1497,629,e1c69490957042f39708abd57f998279,大周,90.00,101.70,,52,
1498,18,f656a01047f04e5faff828045e5c7daa,越沃,40.00,0.00,0.00,42,
1499,18,9aa4b3cd94b74af0b10519fe88971d01,越沃,40.00,0.00,0.00,42,
1500,452,10c5f02dd3474bae9f70eac62d36a99c,菱威,155.00,175.15,,20,
1501,452,62359a699122481b9ea8e3a878b787f2,菱威,90.00,101.70,,20,
1502,4786,a70a0d7db39e4b7ba2ffa78ca6dbadf6,菱威,145.00,163.85,,20,
1503,4786,a70a0d7db39e4b7ba2ffa78ca6dbadf6,大周,160.00,180.80,,52,
1504,4128,b10d61cc51b04c6f9756ebe8f855f35e,梯安,142.00,160.46,,18,
1505,4128,b10d61cc51b04c6f9756ebe8f855f35e,菱威,135.00,152.55,,20,
1506,4071,221eebc4453d40ee9a5334744cfd313b,徽菱,170.00,192.10,173.40,28,
1507,4071,221eebc4453d40ee9a5334744cfd313b,梯乎,148.00,167.24,,77,
1508,4573,f41930eca9aa4a61980c774d0a78f8be,大周,80.00,90.40,,52,
1509,4573,a2af5f72dac945349e15d4301e23f22a,大周,65.00,73.45,,52,
1510,4573,a2af5f72dac945349e15d4301e23f22a,菱威,60.00,67.80,,20,
1511,170,ed91ddb47624434fb5947acecba78adc,菱威,230.00,0.00,,20,
1512,170,ef4858c658cf418d816d5011934fc2fd,菱威,230.00,0.00,,20,
1513,4589,8160bbe904564ced9acd31bdcf373e36,菱威,100.00,113.00,,20,
1514,4589,8160bbe904564ced9acd31bdcf373e36,大周,105.00,118.65,,52,
1515,2264,36a41f63f23e4e5ab598b24d5c00a230,菱威,3000.00,3390.00,,20,
1516,4319,22bbe22a02fa4474b47c3be335f2a127,菱威,700.00,791.00,,20,
1517,4319,22bbe22a02fa4474b47c3be335f2a127,梯安,700.00,791.00,,18,
1518,4048,d819f4944447487491a90b7ba70d2305,梯乎,1400.00,1582.00,,77,
1519,4048,000dd2a4d30248149fbffbbfa0d09be7,梯乎,2500.00,2825.00,,77,
1520,5271,341ae53ba2184e28bdc80d21966fce00,梯安,900.00,1017.00,,18,
1521,5271,341ae53ba2184e28bdc80d21966fce00,菱威,950.00,1073.50,,20,
1522,5286,972a47153adb46ec95d91591435bc0e8,梯乎,1400.00,1582.00,,77,
1523,5286,972a47153adb46ec95d91591435bc0e8,徽菱,1400.00,1582.00,1428.00,28,
1524,3681,475a94e3917140098c756d674cef7e4e,梯乎,2920.00,3299.60,,77,
1525,3681,f6ed366d76484966a9efe072f7fc6659,梯乎,950.00,1073.50,,77,
1526,4768,7c896bef7adc4dc39f66a819e1e5a9f0,徽菱,1900.00,2147.00,1938.00,28,
1527,4768,ef828783eb0a4eee8280883dc7577c81,梯乎,1000.00,1130.00,,77,
1528,4768,7c896bef7adc4dc39f66a819e1e5a9f0,梯乎,1850.00,2090.50,,77,
1529,3400,e89e4932dadc48e3b74d6e59ac800d81,梯乎,3000.00,3390.00,,77,
1530,5410,8005a71434184e5c8c2bb8eba3b2ad46,菱威,100.00,0.00,,20,
1531,3400,5cdae88f464d447ba6b3eacf2263bb97,徽菱,2200.00,2486.00,2244.00,28,
1532,853,929aba329bb84bb39cc7b657de7ffdca,梯乎,2300.00,2599.00,,77,
1533,853,b9b6396669284ebca38849cc51ba41e8,梯乎,3000.00,3390.00,,77,
1534,243,2ae2da26b1c046ca9121de297a1d920e,菱威,2950.00,0.00,,20,
1535,3148,414d95b61a8a43e1a868d451ec95d0a7,梯乎,4300.00,4859.00,,77,
1536,3148,cbef0e95914d4cff844d42c29ee3b82b,徽菱,10800.00,12204.00,11016.00,28,
1538,4044,638fd444d17546688fe31061299acfa6,徽菱,2600.00,2938.00,2652.00,28,
1539,4044,149f6de2ae604cd9bbd3fa4d33590daa,梯乎,700.00,791.00,,77,
1540,1370,a794aaa0a4324b969abfee009c809876,梯乎,2000.00,2260.00,,77,
1541,5411,188d9c68d25042fba2cc3cc4386f2b8e,菱威,215.00,0.00,,20,
1542,1370,5bdf1185a4ce403084d1864b8cc3cafc,梯乎,950.00,1073.50,,77,
1543,1844,e12de73f68d94ca882b7cf880c820b9e,梯乎,1640.00,1853.20,,77,
1544,1844,e12de73f68d94ca882b7cf880c820b9e,徽菱,1800.00,2034.00,1836.00,28,
1545,1844,f34ac441d07142c6a1f716c7ec62e188,徽菱,450.00,508.50,459.00,28,
1546,5199,2332f038101b4ebda95aa1c152d57d48,徽菱,1100.00,1243.00,1122.00,28,
1547,5199,2332f038101b4ebda95aa1c152d57d48,梯乎,935.00,1056.55,,77,
1548,4812,0240e43797bd44c1a31a4a1547490121,梯乎,380.00,429.40,,77,
1549,4812,51cb8f065b7c483daeef461e8f8fcd2e,徽菱,1600.00,1808.00,1632.00,28,
1550,5049,79892eb7218e4aacad3c4cadba0cfcb8,梯乎,1800.00,2034.00,,77,
1551,5049,79892eb7218e4aacad3c4cadba0cfcb8,徽菱,1600.00,1808.00,1632.00,28,
1552,402,f37e78243f4e4e36a0caf465b4a18ab5,菱威,75.00,0.00,,20,
1553,406,20977051b8f54ceb845c3e15cc32438e,菱威,70.00,0.00,,20,
1554,407,d04537d68b4c4e6ca83a01e9445eee46,菱威,0.00,0.00,,20,
1555,4077,7b0ba167bb2e4d1b86b8f485509e1397,菱威,330.00,0.00,,20,
1556,1341,4bf507a6d3094194894baea5f68449fe,徽菱,65.00,0.00,0.00,28,
1557,5052,adf6c60fdd7943979a6b2deb492e72d8,梯安,1120.00,0.00,,18,
1558,3346,22f5a5abb8244384b4ffd66ff88b6365,菱威,385.00,0.00,,20,
1559,227,9662336ccba04f3788fda55682baa643,宏鑫,1106.19,1250.00,,64,
1560,394,d58590a66edf4b79a2540de442a23b9a,越沃,1950.00,0.00,0.00,42,
1561,5413,15bd72e0449040378757c968bed66f87,宜电,0.00,0.00,,11,
1562,395,ec6f6ab16aae4d279810c0ca9ec1a5eb,越沃,450.00,0.00,0.00,42,
1563,5414,0b2925f5013b42b0bac53e6109bbe451,宜电,219.91,248.50,,11,
1564,2335,fbdea1bf46ef40e0be01a6354dd4ca67,菱威,120.00,0.00,,20,
1565,5412,b688b881dc454edcbe4369aff9739f43,众思创,207.96,235.00,0.00,9,
1566,443,fce295cb99f549e29ae7d0e53fa5f2f3,菱威,265.00,0.00,,20,
1567,425,957b3704393e425c9c71347f0d7c4aa6,菱威,1200.00,0.00,,20,
1568,5415,19f0b23f666f413f80f515245bbd837e,维超机电,31.42,35.50,,93,
1569,5416,3ab919beeac14492aff96d14fed3bbaa,众思创,261.06,295.00,0.00,9,
1570,445,31eac536d91647e3b6afc52d79984be2,菱威,0.00,0.00,,20,
1571,5417,a136d2dfa9d74bc7bb003506b3475fb7,菱威,395.00,446.35,,20,
1572,5418,3f313bf1bf5c4fc2a0df6f0cb841784a,菱威,1100.00,0.00,,20,
1573,3997,8215053f2f614733a0890b97d4bf405e,德威利,3.00,0.00,0.00,25,
1574,342,1442c4098523409e912584b0101a8d7c,宏鑫,938.05,1060.00,,64,
1575,3993,b5dcd527bed9446383cae87f6efed9e2,宏鑫,3097.35,3500.00,,64,
1576,5419,ebb97b7409c24d2683750696497efb9e,宏鑫,10000.00,11300.00,,64,
1577,2184,8d0053ac833c413eb0050c45ab015bfe,德威利,12.00,0.00,0.00,25,
1578,1790,d7b5da1d29de44c68008f5870756883c,梯乎,500.00,0.00,0.00,77,
1579,1790,d7b5da1d29de44c68008f5870756883c,徽菱,700.00,0.00,0.00,28,
1580,4886,7911bba483f1422e956ed08f5161ce19,众思创,318.58,360.00,0.00,9,
1581,5420,4e4b48cdc3cd4cc88cbd7c5e2ce5249f,湖州讯通,8318.58,9400.00,,103,
1582,2708,4ee44ba74ffc49b8b359a4e0c1cece0a,茂旺,400.00,0.00,0.00,10,
1583,2157,f75996534f174ca7a02791f730761d60,徽菱,17.00,0.00,0.00,28,
1584,2730,721955f1743f4ca1bd573dec13b74ec0,茂旺,442.48,500.00,0.00,10,
1585,2157,f75996534f174ca7a02791f730761d60,亿龙,18.00,0.00,0.00,74,
1586,2731,5502a5ed26a042b4a3d16e02eccf866a,茂旺,380.00,0.00,0.00,10,
1587,2792,f129a13eac254bf9ab189ece57b58731,梯乎,400.00,0.00,0.00,77,
1588,5421,fbbb036db21947d5bbdb39671d21052b,菱威,148.00,0.00,,20,
1589,2792,f129a13eac254bf9ab189ece57b58731,徽菱,550.00,0.00,0.00,28,
1590,2792,17f55f9601434bb3a16223ac51c4c863,徽菱,350.00,0.00,0.00,28,
1591,5421,fbbb036db21947d5bbdb39671d21052b,宏鑫,141.59,160.00,,64,
1592,2780,8786c1c3a02241829438c267dcb43479,茂旺,380.00,0.00,0.00,10,
1593,2033,44da97624195439b84a6407a45a9f8d6,梯乎,950.00,0.00,0.00,77,
1594,2033,44da97624195439b84a6407a45a9f8d6,徽菱,1400.00,0.00,0.00,28,
1595,2033,7925c18c19d24fc497830f5eeec818d7,徽菱,650.00,0.00,0.00,28,
1596,2806,f361ba421bca431e8ad022fb102b39b4,茂旺,575.22,650.00,0.00,10,
1597,2033,20f066cd69c14f6493cf5a54ed905c1b,梯乎,580.00,0.00,0.00,77,
1598,2819,63a760e7de564ef299f028dee851a91d,茂旺,840.71,950.00,0.00,10,
1599,408,ec882dc03e164d278634ccf1478c7ce2,梯乎,700.00,0.00,0.00,77,
1600,408,ec882dc03e164d278634ccf1478c7ce2,徽菱,700.00,0.00,0.00,28,
1601,2821,15e2f4b677af41feb5500eca8c8a8839,茂旺,398.23,450.00,0.00,10,
1602,524,42d2c198d22b4af79fd9d5c6e1d350b7,菱威,1900.00,0.00,,20,
1603,573,02984b4752b24c53bc15bb1c213ada6b,菱威,320.00,0.00,,20,
1604,1082,a0eb903068db40719c65442581fd9d5f,梯乎,1000.00,0.00,0.00,77,
1605,2834,3f249e6823064104912385635c8d7f35,茂旺,380.00,0.00,0.00,10,
1606,1082,5091b3ce8383410b9282926c700da45a,徽菱,1800.00,0.00,0.00,28,
1607,2935,447b1308335b468189890f104846f434,宏鑫,30796.46,34800.00,,64,
1608,2935,447b1308335b468189890f104846f434,湖州讯通,34070.80,38500.00,,103,
1609,697,044b1dc9645b4d4c8f280fbbb3f12b52,徽菱,70.00,0.00,0.00,28,
1610,5422,5504a49bbfcc4374986f84b5059364ea,菱威,360.00,0.00,,20,
1611,2858,8a848a582fd444d89140bb28424e2816,茂旺,646.02,730.00,,10,
1612,106,da00ae89f78d40eb92dbda95d7b266ed,徽菱,170.00,0.00,0.00,28,
1613,829,685eaa6ef6cb4fa9b84bf5d5e57fc66e,徽菱,200.00,0.00,0.00,28,
1614,1214,ad70f967b10d4a01b6f2d5cd2561d5b1,徽菱,1080.00,0.00,0.00,28,
1615,1214,ad70f967b10d4a01b6f2d5cd2561d5b1,梯乎,1150.00,0.00,0.00,77,
1616,164,7f0be67610fe49e6983fed1d6cbc2c2f,徽菱,2070.00,2339.10,2111.40,28,
1617,5423,442c3af079d64e24a5785c0b265977f0,菱威,22.00,0.00,0.00,20,
1618,3601,277f82833ba348a8b28fb25c456d2f2a,龙奥机电,35.40,40.00,,95,
1619,5424,fa06f0f5147a428e81a1325ddeefaf61,宏鑫,840.71,950.00,,64,
1620,5424,fa06f0f5147a428e81a1325ddeefaf61,湖州讯通,703.54,795.00,,103,
1621,3601,19521af1d6ac4e10b87d32712f245060,菱威,20.00,22.60,,20,
1622,983,d826ece517204e678b9bd1be7b3a8ab8,菱威,500.00,0.00,,20,
1623,5424,fa06f0f5147a428e81a1325ddeefaf61,新动力,1100.00,0.00,,49,
1624,1740,79b5d039cb584903ad3d2c33456ded43,梯乎,70.00,0.00,0.00,77,
1625,1740,591a2632bd4e45918175c0b9e87c23f2,梯乎,17.00,0.00,0.00,77,
1626,1740,591a2632bd4e45918175c0b9e87c23f2,徽菱,17.00,0.00,0.00,28,
1627,2694,555b3ff3f27e4e46b22fd8704e9aa170,亿龙,11.00,0.00,0.00,74,
1628,2363,4bb65abc428343a58cda61520a5940de,菱威,3400.00,0.00,,20,
1629,5426,1cbc000ebbdb46c8a79ba2fbe443d154,南希,97.35,110.00,,67,
1630,955,523b33ecc1204970ba8bdf853274e605,菱威,1900.00,0.00,,20,
1631,955,523b33ecc1204970ba8bdf853274e605,阿卡宋,1400.00,0.00,,8,
1632,15,0a513671a347435788a7b4a66c8a443d,越沃,0.00,0.00,85.00,42,
1633,37,dcc8afc2e09a4c26813c9acbede2a39f,越沃,285.00,0.00,0.00,42,
1634,62,bd4cd7d2af0947febde286588d5addda,菱威,130.00,0.00,,20,
1635,62,bd4cd7d2af0947febde286588d5addda,南希,135.00,0.00,,67,
1636,80,274addbf87e848f6bbbee6f0b7ccee16,龙奥机电,690.27,780.00,,95,
1637,80,274addbf87e848f6bbbee6f0b7ccee16,菱威,690.00,0.00,,20,
1638,81,bc137d6b922445f3a7a96f09744c7ad5,梯乎,2250.00,0.00,0.00,77,
1639,84,487b14e39f8e4a5cab4e02fea0c4478a,徽菱,265.00,0.00,,28,
1640,84,487b14e39f8e4a5cab4e02fea0c4478a,梯乎,215.00,0.00,0.00,77,
1641,134,53e7c0860a0544f58b8df07ea146e124,菱威,125.00,0.00,,20,
1642,134,53e7c0860a0544f58b8df07ea146e124,南希,110.00,0.00,,67,
1643,135,3b6e547643a6465ca389dc43a46dca4f,菱威,280.00,0.00,,20,
1644,135,55940354791946d693a75c6b65fce1db,菱威,120.00,0.00,,20,
1645,159,3c23dbcd49804094b53c418dcf17aa7b,梯安,265.00,0.00,,18,
1646,3380,86ca66d80ad24069bacec24e893ca8f8,菱威,44.00,0.00,,20,
1647,183,fc020de112bd43e593826dbef4d5ecd3,菱威,65.00,0.00,,20,
1648,187,1538d1c1dd054af694318de0e542e3c5,菱威,95.00,0.00,,20,
1649,191,8f0f56927e634dc48ad39ae5e32273e5,菱威,135.00,0.00,,20,
1650,234,ae1367c019fa45819e57c9c0379872fd,菱威,350.00,0.00,,20,
1651,234,d22aa9ff8b36463aa98e78dc699a575b,湖州讯通,203.54,230.00,,103,
1652,234,d22aa9ff8b36463aa98e78dc699a575b,宏鑫,203.54,230.00,,64,
1653,5427,3e30caf394764041b2b9572b286134ac,菱威,175.00,197.75,,20,
1654,5427,3e30caf394764041b2b9572b286134ac,新动力,220.00,248.60,,49,
1655,89,bf938c3eb3534028a1179f48c6d4855e,梯乎,0.00,0.00,35.00,77,
1656,255,00301eb5cca84c78ba4f8f53e381ef16,菱威,95.00,0.00,,20,
1657,240,8fa42f37b570428b82bf422bbac9ff1d,菱威,170.00,0.00,,20,
1658,265,953914356c2e4f8eb9324495d4fa2ec5,南希,180.00,0.00,,67,
1659,270,cad82db9c68045e8933e27327ac3cf49,梯安,450.00,0.00,,18,
1660,301,1e9eb2bac363401fae7b1373b880c6f4,菱威,285.00,0.00,,20,
1661,135,3b6e547643a6465ca389dc43a46dca4f,梯乎,210.00,0.00,0.00,77,
1662,413,91f8ad1859674e5cbacc5275042e9f0c,梯乎,1100.00,0.00,0.00,77,
1663,453,f7287322f68d45428045f7f6ef874b72,菱威,90.00,0.00,,20,
1664,502,1353b938bf5c4cbd9be979f9c005bec2,菱威,285.00,0.00,,20,
1665,3118,6ec680528c8e4b259721cfd32ea2190f,宜电,49.56,56.00,,11,
1666,375,356806f3acc24a768f429e46c93362b0,菱威,385.00,0.00,,20,
1667,5428,98054538170b455faf3f25924ef0c3a1,菱威,49.00,0.00,0.00,20,
1668,5428,98054538170b455faf3f25924ef0c3a1,越沃,48.00,0.00,0.00,42,
1669,4392,ebc8aa524482462394552ac58d727de8,菱威,15.00,0.00,,20,
1670,1342,5ddf56d90f5748228adedf0eabbdaa7f,菱威,100.00,0.00,0.00,20,
1671,1342,5ddf56d90f5748228adedf0eabbdaa7f,越沃,90.00,0.00,0.00,42,
1672,4392,fbe16837d8864b68ba6d84dd9172d0dd,越沃,24.00,0.00,0.00,42,
1673,13,1a0c737e59604228a6405811b974ef63,菱威,680.00,768.00,,20,
1674,13,1a0c737e59604228a6405811b974ef63,越沃,750.00,848.00,750.00,42,
1675,112,aa6c9b0782f14e92a4780dc930bf2d33,菱威,465.00,0.00,,20,
1676,313,31053bdbac55434e81ab096ea3ba8634,菱威,650.00,0.00,,20,
1677,313,31053bdbac55434e81ab096ea3ba8634,新动力,360.00,0.00,,49,
1678,607,bce8d417a05041ffbf8aa56e33db4618,新动力,580.00,0.00,,49,
1679,430,746412461d004683a3a8887f1e607588,梯乎,330.00,0.00,0.00,77,
1680,430,c74e6108fecf4cb2a700e1898296a796,梯乎,80.00,0.00,0.00,77,
1681,1410,0cdf4584bb184d1dbe24f50ca597d5c1,菱威,850.00,0.00,,20,
1682,5429,84d0daf8b74947749e300081c82f7a44,徽菱,220.00,0.00,0.00,28,
1683,5429,6d9abd15779841a397c3a5818bad0465,梯乎,160.00,0.00,0.00,77,
1684,5429,6d9abd15779841a397c3a5818bad0465,徽菱,100.00,0.00,0.00,28,
1685,1598,7ab78e1cf749400092da8ffdf1fe5a35,大周,600.00,0.00,,52,
1686,1598,7ab78e1cf749400092da8ffdf1fe5a35,菱威,590.00,0.00,,20,
1687,1598,69a8ff2790c145578aef64f6c71caa7c,麦斯特,265.49,300.00,,62,
1688,1072,738bf605ee464c38b161134c8e16d500,梯乎,150.00,0.00,0.00,77,
1689,1072,738bf605ee464c38b161134c8e16d500,徽菱,90.00,0.00,0.00,28,
1690,1598,7ab78e1cf749400092da8ffdf1fe5a35,新动力,550.00,0.00,,49,
1691,3106,e3a696951a2f4eeb9e771e0ca6e7333e,众思创,296.46,335.00,0.00,9,
1692,5430,4ca7b8ca0d844781b90d4c7f01b4f8a0,众思创,309.73,350.00,0.00,9,
1693,1808,6804fcfba7f0440e8a7e175c3488a241,嘉云迪,380.00,0.00,,105,
1694,112,aa6c9b0782f14e92a4780dc930bf2d33,南希,385.00,0.00,,67,
1695,2660,ab8295a1c970405a958f45dd81659691,众思创,0.00,0.00,,9,
1696,5431,037b5227f4fb4121866d69a6425b12cd,菱威,12.00,0.00,,20,
1697,2541,b9b06cb5a2844d7fb3b4b0a10d2b41d3,徽菱,600.00,0.00,0.00,28,
1698,2541,b9b06cb5a2844d7fb3b4b0a10d2b41d3,新动力,640.00,0.00,,49,
1699,5432,e3dbbf2d2ef8486fbd59472b05429ba6,湖州讯通,300.88,340.00,,103,
1700,5433,1dc03d42955e491187fe18bb075ed8fd,菱威,120.00,0.00,,20,
1701,140,1f4042c6c4104f8d85727a88f5933b1f,新动力,640.00,0.00,,49,
1702,5434,4b2ba00400d440a2a974ea3c038ada57,宜电,61.50,69.50,,11,
1703,5435,8ad152eebd974cb4a40f0e84d43b815a,新动力,0.00,0.00,,49,
1704,5436,b67a6a69e4414d7dbb66b761f78e2f24,龙奥机电,1327.43,1500.00,,95,
1705,5436,7271cc4ea40643c19eedbf90e3c6a940,丽景恒泰,1200.00,1356.00,,84,
1706,5437,e77f299d1e944f0283297edd5aaec9e5,梯乎,260.00,0.00,0.00,77,
1707,5437,0713e68e8960400aa68987c684252c70,徽菱,200.00,0.00,0.00,28,
1708,5438,f3b5d1e0892e4b25a730a86960d9923c,梯安,1170.00,0.00,,18,
1709,5439,fa55ddcba72b4d7b80f08c5d2b3d0d89,梯乎,1160.00,0.00,0.00,77,
1710,5439,fa55ddcba72b4d7b80f08c5d2b3d0d89,徽菱,1200.00,0.00,0.00,28,
1711,5439,b18dd1f1dd5942998cdbde2c4ca81d47,徽菱,480.00,0.00,0.00,28,
1712,774,b15a8d39f2834bfd8ab637a9bc490dc7,梯乎,400.00,0.00,0.00,77,
1713,774,60b9daa5480e4aada9d84115c24b7315,徽菱,800.00,0.00,0.00,28,
1714,456,79a07440fe1848b583f7d5dfb83cc04b,龙奥机电,1725.66,1950.00,,95,
1715,476,c099fab1f191439785f798dc6c33b243,菱威,2100.00,0.00,,20,
1716,525,dca8b800f7c54e38a834591f61e42255,菱威,480.00,0.00,,20,
1717,593,6a792e3344704949ac7af9b1477d10be,菱威,100.00,0.00,,20,
1718,596,76018cbae489452f92db3660c3bef451,菱威,1300.00,0.00,,20,
1719,598,88a9fc0512dd4f96bfc46ddd6eab379c,菱威,65.00,0.00,,20,
1720,656,23b42010d79b4c1295ac5f11d106d2c8,越沃,1400.00,0.00,0.00,42,
1721,663,e282f9ffe5b940b3aff15de5fac5b203,菱威,840.00,0.00,,20,
1722,1860,ed860659e5214646b9c2eedcea7dcc96,菱威,950.00,0.00,,20,
1723,709,6bc82f4855984fbf99d78481264ba6f0,南希,950.00,0.00,0.00,67,
1724,713,3b41f9681496475c8b3f3a8df592f6bb,菱威,1600.00,0.00,,20,
1725,757,2200c8a11898491095ed435ca3e33ad6,菱威,2900.00,0.00,,20,
1726,805,1166b7e7692c4a09a848f2d28ac27ea8,菱威,2100.00,0.00,,20,
1727,806,594497111bc2417297b85092000cb9c1,菱威,400.00,0.00,,20,
1728,864,d9ad00e71df14f329e1e1cf985736e9d,菱威,1450.00,0.00,,20,
1729,904,fdb0a59aa39b4ccda2727dd958f17293,菱威,240.00,0.00,,20,
1730,927,178e77ac34cc4d8a8c5af3cf48b6a13f,菱威,2600.00,0.00,,20,
1731,997,0a6bbffe2380492e88a56f42f8b1c4f1,龙奥机电,46.90,53.00,,95,
1732,3651,22449c403f3343549940444947296d2d,越沃,55.00,0.00,0.00,42,
1733,3651,22449c403f3343549940444947296d2d,湖州讯通,57.52,65.00,,103,
1734,3811,689fa3b6a6764418864c82500d9d208e,菱威,50.00,0.00,,20,
1735,1242,0a56daa0c82d4983b40afabad5d8a183,菱威,260.00,0.00,,20,
1736,5440,cc91a1d5a5334c1db4541d11a1139198,菱威,58.00,0.00,,20,
1737,5441,7d68e5d2423a46d8bd64009d08e5ae2e,菱威,260.00,0.00,,20,
1738,5441,db372e5df6e54f6bb14f5b836b15ad78,菱威,150.00,0.00,,20,
1739,5442,9f4b9972c95d47079b46a11ee7623fe4,宏鑫,60.18,68.00,,64,
1740,5443,8ef8d32f9fc4428d94382526cb5a94fc,宏鑫,57.52,65.00,,64,
1741,5444,450ecf5aac8246a9be8d2b3fc9144fed,宏鑫,60.18,68.00,,64,
1742,5445,dd851886dcfb4e3ab53049237534544c,宏鑫,60.18,68.00,,64,
1743,5446,d76e0e04695c4458a426c8c9423deec5,宏鑫,69.03,78.00,,64,
1744,5447,95ad4cf38fe1493ebc47a45a19fd0891,宏鑫,60.18,68.00,,64,
1745,5448,40bc69b3f5ac4cceb935e6a40eddff64,菱威,80.00,90.40,,20,
1746,5449,e95f2424a4324fc2ac5eb089a057d6ba,菱威,110.00,0.00,,20,
1747,3920,814e1d50a1ef41b99e9f01aaa594b0fb,宏鑫,0.00,0.00,,64,
1748,3920,814e1d50a1ef41b99e9f01aaa594b0fb,湖州讯通,0.00,0.00,,103,
1751,862,2d8907f39d604ad89573728a1a828369,菱威,230.00,0.00,,20,
1752,911,7b6ebc87f6fa47c6b2f6cfcd319fbdfe,菱威,115.00,0.00,,20,
1753,942,a59a65c4108b4d04901519d994112030,菱威,395.00,0.00,,20,
1754,956,40e9e4515bbe44279fb05af5da0e56f9,菱威,39.00,0.00,,20,
1755,990,b061dde3c6bf4693a73484dfb767cc4f,菱威,290.00,0.00,,20,
1756,505,4231f5240aad44b2b7133cb613b4448a,菱威,330.00,0.00,,20,
1757,523,9c1934ee53f0497abf666a605ec0e214,菱威,185.00,0.00,,20,
1758,2401,651b649bd7b84315b4ed162b10757165,宏鑫,606.19,685.00,,64,
1759,2401,f3dded865a0b4580bd3e101b0b966547,湖州讯通,575.22,650.00,,103,
1760,634,bf2096e3a6f24522bd38d4f05707191f,菱威,1850.00,0.00,,20,
1761,506,449dbf0c11c24a8a8f680a3bfb094adc,吉菱机电,550.00,0.00,0.00,48,
1762,1027,b78cba235c99467693e5e5baedc2766a,菱威,0.00,0.00,,20,
1763,450,c253bdc8352d47349c4db533ffbfa5af,湖州讯通,261.06,295.00,,103,
1764,543,aa935fb78d65409fb9080527ae7b39cb,菱威,155.00,0.00,,20,
1765,450,4e6ae57e1eba429ebcd9f1d97a93533b,宏鑫,336.28,380.00,,64,
1766,670,99daa1946150447ca20c60344266f0ae,菱威,950.00,1073.50,,20,
1767,564,a37a6d747bfa4feabee2b5f48651382c,菱威,350.00,0.00,,20,
1768,566,79fb09fec7ba47acb1620a13a3f8fa77,菱威,270.00,0.00,,20,
1769,553,c7c9118bffd04082b903f01fb614ede8,菱威,290.00,0.00,,20,
1770,570,1a1cf6b295814f81b57081792c0e8c8a,菱威,175.00,0.00,,20,
1771,571,a94d822aebef426a8bbbe4bc25746a16,菱威,350.00,0.00,,20,
1772,894,665c087e111148b9b8869555d805bb69,湖州讯通,181.42,205.00,,103,
1773,894,e90728ab5e4347b39b64a6fbc392ca45,宏鑫,150.44,170.00,,64,
1774,578,58025518d70446cf9e47d0aa43d584f8,吉菱机电,260.00,0.00,,48,
1775,902,420b7a71a72349199d0f41952f85ba07,菱威,550.00,0.00,,20,
1776,592,a959bfccacda4d26bd16c77768d944bb,菱威,126.00,0.00,,20,
1777,941,9a6d9ad2cfdf44cdbbec1924d7dd7882,吉菱机电,1100.00,0.00,0.00,48,
1778,610,f151967dd9aa43169905d5610b1d4a4c,菱威,300.00,0.00,,20,
1779,949,942c1db5412d403ca534aa96b85c3b83,菱威,320.00,0.00,,20,
1780,622,eb8f1de68f7a4c3a94611d8f9800decd,菱威,190.00,0.00,,20,
1781,896,9d8919b31e2d4b02b4d8966f431b9f93,宏鑫,247.79,280.00,,64,
1782,625,f11523d5178346ad9440ed8dd9168026,菱威,270.00,0.00,,20,
1783,954,c32172eac1314d1fa9b991acc7d363a7,菱威,5100.00,0.00,,20,
1784,963,9ea4a497c07b47a490f7062afb658b20,菱威,3650.00,0.00,,20,
1785,633,68e470a10bc04680ba9b4aba4f0ff4aa,菱威,43.00,0.00,,20,
1786,673,4d442660ec884c4fa9256f3cd72fd84c,菱威,310.00,0.00,,20,
1787,680,6e8aff77dcdf43348d5ca578e99a754f,梯安,960.00,0.00,,18,
1788,410,c701fa5469db4f6095fc7e5b6ca6be35,菱威,0.00,0.00,,20,
1789,749,bc515a3107a642e8b7c48fe276eb97f9,菱威,480.00,0.00,,20,
1790,767,4d6fad5c7c0a4a9a9d97803fd023d3c7,菱威,420.00,0.00,,20,
1791,767,4d6fad5c7c0a4a9a9d97803fd023d3c7,龙奥机电,407.08,460.00,,95,
1792,768,ea59827e1efe43cda37972d8a1bb082f,菱威,220.00,0.00,,20,
1793,772,179dde6ea5784c6f855658a34b7b9ec2,菱威,750.00,0.00,,20,
1794,776,fcd5ef65aef64dc0a93d524c577c2147,菱威,800.00,0.00,,20,
1795,807,3ccf5d26efbf4a49a75f61468ef70053,菱威,195.00,0.00,,20,
1796,811,b48c8fd949fe4c6f96a90e6969632e44,梯安,750.00,0.00,,18,
1797,842,5d66ff2552f54ebab24aa65f2a8c3af8,菱威,125.00,0.00,,20,
1798,992,684617c2a5bb4446a136b9316967f905,菱威,2900.00,0.00,,20,
1799,11,afdf2765e2be4894ae7f247d324e84db,菱威,230.00,0.00,,20,
1800,411,5370abde0d0c4b08a7f7054c6029a636,菱威,0.00,0.00,,20,
1801,429,1077417a84514d88ab7e59dcef7d40bd,菱威,0.00,0.00,,20,
1802,340,e94e2cc838ff4c11804a7b910aa7bdaa,菱威,340.00,0.00,,20,
1803,1032,c738d8073fa2460980660047899c7e68,梯乎,1100.00,0.00,,77,
1804,1091,e365eaef79694ee6a6f76760c49b1b21,菱威,420.00,0.00,,20,
1805,5450,adf0f0dfcfe84156b29aba72fae2d2ca,菱威,140.00,0.00,,20,
1806,1329,4c1b34f1e3da4304a05e33671fc39089,菱威,265.00,0.00,,20,
1807,5451,135bc3d8580646dfbad850b03e5d405a,菱威,135.00,0.00,,20,
1808,1271,8aa1117caa634a61a7e844f587347b24,梯安,2000.00,0.00,,18,
1809,1310,d8a1560ef453449b85233bc4cc82f811,菱威,400.00,0.00,,20,
1810,1332,e7d3fded289a4d46a9059fb38def9017,菱威,260.00,0.00,,20,
1811,1343,9411c8292cd84d1bb986666383a65800,菱威,395.00,0.00,,20,
1812,1347,fe4cadc2d7034bce842b0f443badc69e,菱威,105.00,0.00,,20,
1813,488,45944ad7345c42d09d3ed3b7e2887cd6,菱威,420.00,0.00,,20,
1814,488,065b247775f84582b579ce9ae7da07a5,菱威,420.00,0.00,,20,
1815,964,ef25196efa62457288d745aa9441381b,菱威,700.00,791.00,,20,
1816,488,7ad3ee9731154a85a18425343f7ab557,菱威,420.00,0.00,,20,
1817,488,1d79458399e94d228a961af9e5486231,菱威,420.00,0.00,,20,
1818,1310,d8a1560ef453449b85233bc4cc82f811,南希,350.00,0.00,,67,
1819,965,bd4ceddb06c34575adce232d275a007f,菱威,2200.00,0.00,,20,
1820,1429,616d915843ab498fb5780a59c65c05f0,吉菱机电,780.00,0.00,,48,
1821,1119,715cb9b08ff4485198c8f610c92c9054,菱威,1900.00,0.00,,20,
1822,1435,18a5e3b841b34d90b0dbf259e7c258e3,菱威,45.00,0.00,,20,
1823,1155,3625a7b5b8a647b8a681ef149ad02f26,菱威,5450.00,0.00,,20,
1824,1162,30f9d10b396d49eaa1f203bde68fcc01,菱威,275.00,0.00,,20,
1825,1182,07bbcfbdf8a54355ae53c3437c95cbf6,菱威,1700.00,0.00,,20,
1826,2538,2e3c624843ab4d37b03f08ac5e4b0582,茂旺,398.23,450.00,0.00,10,
1827,1388,bf1921615bb94a3bbd79c5c66a5ee9de,菱威,170.00,0.00,,20,
1828,1469,973c4ded834547c1b0ae693f1f9d31fc,菱威,185.00,0.00,,20,
1829,1486,2083e83b0a9a47d89ea90bc16c45e8c7,菱威,115.00,0.00,,20,
1830,1532,4b8690501036460d8acfebbe5d69f504,菱威,42.00,0.00,,20,
1831,5452,75d71e68ee2e4f83ad7c4ec9670a7d09,南希,1500.00,0.00,0.00,67,
1832,2964,f6bfb8c3c7d64de6ac8bbfb470ada46c,茂旺,500.00,0.00,0.00,10,
1833,789,1a13d32105214a7e88d04f33fd3fa15f,梯乎,5500.00,0.00,0.00,77,
1834,3032,8c0ec8df6af84dc3b71c1cb87e332cea,茂旺,400.00,0.00,0.00,10,
1835,5453,382614263c9848fba3d76a2f46b4ab3c,新动力,520.00,0.00,,49,
1836,3033,2779cf991f2d44b88633479f2cdf90ea,茂旺,380.00,0.00,0.00,10,
1837,3034,8182fc086a92476d9aab6319be55ed66,茂旺,660.00,0.00,0.00,10,
1838,742,1493c35afd8646e0ac82ca13151e34ab,梯乎,5200.00,0.00,0.00,77,
1839,3035,3acb62ae4b8b4391b216aec09b9581ed,茂旺,884.96,1000.00,,10,
1840,742,1493c35afd8646e0ac82ca13151e34ab,徽菱,7500.00,0.00,0.00,28,
1841,494,61cbfde8177345618c61c552c3007b09,菱威,0.00,0.00,,20,
1842,742,e81aff36c6e748ebbde4631925350594,梯乎,800.00,0.00,0.00,77,
1843,3045,a2ce21a88ba94425aecae6e6ce1614d7,茂旺,850.00,0.00,0.00,10,
1844,4449,90eab43456a84092bc2e507c7ab57c9e,菱威,130.00,0.00,,20,
1845,785,086a8220a8454ea7877adf432812c783,梯乎,300.00,0.00,0.00,77,
1846,3051,940ef073f18a4121bb84cd0ec2add576,茂旺,389.38,440.00,0.00,10,
1847,3209,99cf27fff663426e959da2afd89c826b,茂旺,500.00,0.00,0.00,10,
1848,5454,8f582420cbc04fa29db8f836fe8920d0,丽景恒泰,1200.00,0.00,,84,
1849,5454,8f582420cbc04fa29db8f836fe8920d0,龙奥机电,150.00,0.00,,95,
1850,3215,c7ba076be71e4a63831ed9384277d838,茂旺,0.00,580.00,0.00,10,
1851,5455,d8bc174c046448e092195d56bac921da,菱威,1600.00,0.00,,20,
1852,838,3f70758cce8f4eb58bca537e6380e181,梯安,140.00,0.00,,18,
1853,5455,d8bc174c046448e092195d56bac921da,丽景恒泰,1800.00,0.00,,84,
1854,5456,8486b2b0eb5d446c820148d614e9de05,龙奥机电,0.00,0.00,,95,
1855,3229,16009eed393145af8ea164a15d94cb78,茂旺,796.46,900.00,0.00,10,
1856,849,95902e0414cb482aaf3ae1287ddc0dc5,梯安,600.00,0.00,,18,
1857,2812,e8b2596661fc4aaab74572dd68211387,龙奥机电,0.00,3500.00,,95,
1859,2812,e8b2596661fc4aaab74572dd68211387,菱威,3800.00,0.00,,20,
1860,5458,43dd82f8571e4e9ba992504401c4993d,菱威,115.00,0.00,,20,
1861,855,cb144e52b453457ea982f6ad19c2e6e0,徽菱,2000.00,0.00,0.00,28,
1862,5455,0f441fb9b24d4bee97a0646c9cc30977,丽景恒泰,2400.00,0.00,,84,
1863,855,cb144e52b453457ea982f6ad19c2e6e0,梯乎,2200.00,0.00,0.00,77,
1864,5460,f80729529833473499ca4f627d3af968,菱威,1480.00,0.00,,20,
1865,5459,3d3a3013947a450c929d0e65a12142f2,菱威,360.00,0.00,,20,
1866,1700,d9aac6aff8a3477aa6890603a21b74e2,菱威,980.00,0.00,,20,
1867,5461,d9625e3976214f028b4c995b81a113f5,菱威,1050.00,0.00,,20,
1868,5462,d5eacb46dbc24f9ba508ddaf018439d2,菱威,25.00,0.00,,20,
1869,5464,355fe42d829c4934adc6e2185be3d931,菱威,145.00,0.00,,20,
1870,913,4cacbb841d514f7a881d5cae573bfa8a,梯乎,1657.00,0.00,0.00,77,
1871,913,4cacbb841d514f7a881d5cae573bfa8a,徽菱,1600.00,0.00,0.00,28,
1872,5465,77b83b22157f4d7eb24df72c651b2339,菱威,45.00,0.00,,20,
1873,913,36959c721d5d4b50b2d49a1b7985bb47,梯乎,1000.00,0.00,0.00,77,
1874,5466,574dcf2366384240bf490187258165ad,菱威,360.00,0.00,,20,
1875,5467,b3e2ea5b435a458da5b8b7eee2535bd0,宏鑫,2079.65,2350.00,,64,
1876,5467,b3e2ea5b435a458da5b8b7eee2535bd0,湖州讯通,1592.92,1800.00,,103,
1877,1047,7c83a7262057443ab1c3678a24ba76c3,梯乎,320.00,0.00,0.00,77,
1878,5468,a1064a3939f445f1a4dfb704a062e84e,宏鑫,0.00,0.00,,64,
1879,5469,85767e92169c47518f6e0e81f6d5145d,菱威,1000.00,0.00,,20,
1880,2372,691a14018ee447638bec4a1a6192ce58,宏鑫,119.47,135.00,,64,
1881,1048,29cbc8892a514592b4aa1970a6aa94ee,徽菱,5100.00,0.00,0.00,28,
1882,2372,691a14018ee447638bec4a1a6192ce58,湖州讯通,110.62,125.00,,103,
1884,2372,2ae2bb7d00d04a62aed19e590685cf4b,宏鑫,88.50,100.00,,64,
1885,2372,2ae2bb7d00d04a62aed19e590685cf4b,湖州讯通,66.37,75.00,,103,
1886,1014,7a5e05765b15422093fd1cb6f4816fe2,菱威,75.00,0.00,,20,
1887,5216,f644a1dcd59f430683cf0e0f9be9147c,菱威,62.00,0.00,,20,
1888,666,bb17326b31bd41a182799d1e803aa22d,菱威,14.00,15.82,,20,
1889,791,f853909a9f8d4fd68dbf8ed0449c6902,梯乎,4000.00,0.00,0.00,77,
1890,5471,9d4a8d09aa614163a7991806e611779f,菱威,3450.00,0.00,0.00,20,
1891,2092,ef124855c27d474cb221f45b01fbfc44,菱威,145.00,0.00,,20,
1892,1779,c1541bbc30324a3f8cb81468b06f38fb,菱威,230.00,0.00,,20,
1893,5472,15f7ca4459244b9c94316e686fcafbea,梯乎,4000.00,0.00,0.00,77,
1894,142,6f315268e2c84dbe8afc484c373695fe,湖州讯通,185.84,210.00,,103,
1895,142,6f315268e2c84dbe8afc484c373695fe,宏鑫,389.38,440.00,,64,
1896,844,eeea174f44594f20945c47993d7c6876,菱威,48.00,0.00,,20,
1897,798,4964e295f6d449cbaa1cd9ff32a8f29f,梯乎,3800.00,0.00,0.00,77,
1898,5473,65f374018d984795b63bb7be18daea93,湖州讯通,858.41,970.00,,103,
1899,2684,a0ef8bfaf45e4c58b05fbb69d8823187,梯乎,200.00,0.00,0.00,77,
1900,870,4c9c01e1e3c34ea2aa83d9d059a42d2f,徽菱,360.00,0.00,0.00,28,
1901,5474,59c28040a8704b05994d43f5eea02cc8,新动力,400.00,0.00,,49,
1902,2025,a456d69170cd4156b7fe210e9d4c170f,菱威,0.00,0.00,,20,
1903,5475,a98219a06082454c90caea8b020ec8e7,菱威,50.00,0.00,,20,
1904,5476,5ce7a3d5c1c94f2f9e0e6ce3b9e0ff46,菱威,2700.00,0.00,,20,
1905,795,d0b55117139c420c97045235036aaf2a,菱威,530.00,0.00,,20,
1906,795,d0b55117139c420c97045235036aaf2a,新动力,530.00,598.90,,49,
1907,1871,14807211f5e040cb82d917ce1d28ae42,菱威,160.00,0.00,,20,
1908,194,f9bd2ef4c90343639fa54b8efc6ca694,新动力,390.00,0.00,,49,
1909,3232,29b4966f97644f34b86de66c72cd69d8,茂旺,424.78,480.00,0.00,10,
1910,484,8e10acb612604ee78f62f036fa1a8b17,菱威,220.00,0.00,,20,
1911,3233,9dd415b8211d485ab319aa61ddc0ae93,茂旺,380.00,0.00,0.00,10,
1912,485,e68068d18ffd40e9a6c946fce9f1dc67,菱威,300.00,0.00,,20,
1913,486,f8f11d8580e8405780168ff7618e5d60,菱威,28.00,0.00,,20,
1915,3265,397e3a201b1d43388c7cef0a43cdda92,茂旺,398.23,450.00,0.00,10,
1916,5478,e38d0390038644cb979cdb6d172761a0,菱威,40.00,0.00,,20,
1917,5478,b2e3c011b04a47b9a00db2d29fffcfae,菱威,50.00,0.00,,20,
1918,3266,771eacfc357c47099ba746d53bb97396,茂旺,430.00,500.00,0.00,10,
1919,4558,43884e8e7cbd45cbbf32bab8d6d62b7b,菱威,115.00,0.00,,20,
1920,529,12eadbeab70f44fe8cd2b76aa7a7f7bb,越沃,0.00,0.00,20.00,42,
1921,529,12eadbeab70f44fe8cd2b76aa7a7f7bb,菱威,0.00,0.00,17.00,20,
1922,1487,4fd81fdb002e4a17be50ffeee3bcaf95,菱威,8.00,0.00,,20,
1925,2975,20c22c3cde154955a53263aaa308beb2,湖州讯通,300.88,340.00,,103,
1926,2975,ebedcf04b163459a954b64c2056aef7f,湖州讯通,110.62,125.00,,103,
1927,495,8350381887d94153a09f66f234f8eb1a,菱威,70.00,0.00,,20,
1928,495,ee9f263b0e72475888cfccf796dcc8ec,菱威,70.00,0.00,,20,
1929,5479,e098037f5f4c412dad1580c6404dd824,菱威,490.00,0.00,,20,
1930,5479,610d91b041b945d89c4f215566db175b,菱威,90.00,0.00,,20,
1931,496,f9a4133bcaf64133a7c282708500e59a,菱威,275.00,0.00,,20,
1932,5480,6e3a3d58f92f49da94fad52b41a56f2c,菱威,80.00,0.00,,20,
1933,516,0764de3d3ab6442f92eff675d4ad323a,菱威,240.00,0.00,,20,
1934,5481,9717dac4643f42a3b4d1305a170b5ce1,菱威,0.00,0.00,,20,
1935,5482,14d140c0b00546f38fcf2b07d5786a11,菱威,165.00,0.00,,20,
1936,5483,b8976e374de34ac59421d4537eda7396,菱威,80.00,0.00,,20,
1937,5484,d0e8f363d94e4ec48e61c8abbe700723,菱威,360.00,0.00,,20,
1938,5485,fc36a77ef18e4899be3cb143612f8094,菱威,14.00,0.00,,20,
1939,5485,a7f1757d30c44655b06e5fc554b33ef6,菱威,14.00,0.00,,20,
1940,1063,a9edb8797be04b6f91f11f1fa0a3bf42,梯乎,2800.00,0.00,0.00,77,
1941,1088,7e4d2c2d492b4a978ac5f3459309e5fe,徽菱,200.00,0.00,0.00,28,
1942,1145,192c4ba5c95742e4b5ce4212b36e18eb,徽菱,350.00,0.00,0.00,28,
1943,1362,841ea17db1f2419a8e9a186a9f3fdf6e,梯乎,800.00,0.00,0.00,77,
1944,3411,b3c45276109d4e53899061423483f3b7,菱威,165.00,0.00,,20,
1945,5486,db38594ee2394bcc9faf75aef485367f,梯乎,5200.00,0.00,0.00,77,
1946,5486,fc75b99a356d4be0b3151e2c662545fb,梯乎,1300.00,0.00,0.00,77,
1947,1375,1cfc3082b6274dcda980b233d82fef7c,梯乎,300.00,0.00,0.00,77,
1948,530,6301c405e24d4b04941bce127ea19356,菱威,75.00,0.00,,20,
1949,1376,d91a1f20a69846cd98df2f60052cf141,梯乎,300.00,0.00,0.00,77,
1950,3560,d6921b80686b43b686b852eff0da5a56,梯乎,850.00,0.00,0.00,77,
1951,3172,1b8c3e6495f44ba798deff4b8b86d615,宏鑫,1106.19,1250.00,,64,
1952,3152,77b0b5e9b2cc4f4faca38bcc9e063c38,宜电,239.82,271.00,,11,
1953,1161,895a874b83c74202af221b07672e89c6,徽菱,220.00,0.00,0.00,28,
1954,1170,512bb26f9d6a4b88b5d37c6ddee9d94f,梯乎,1000.00,0.00,0.00,77,
1955,5487,b6a3e621b1474aa3a8a04bcfe0ab983f,菱威,0.00,0.00,,20,
1956,1231,3057a145efc84811a52b310f611a0875,菱威,240.00,0.00,,20,
1957,837,8907a6928eb044ebb91d6ed70c27a9d5,菱威,115.00,0.00,,20,
1958,1197,889bcdfdfad14e27a8df95abe773f390,徽菱,1600.00,0.00,0.00,28,
1959,5488,08c35c1886a3426b90edf812ecb82110,菱威,0.00,0.00,,20,
1960,4449,cfd5201901d2436db5a1367ea5644dbc,菱威,130.00,0.00,,20,
1961,3164,fbe3c742b1594f12863dcc1901b16dea,宜电,0.00,198.00,,11,
1962,1206,b4ea6abb69214e13929748350cc3424d,徽菱,3500.00,0.00,0.00,28,
1963,3408,274be5a3bfef41189cfe82393e229ccd,宜电,0.00,14.00,,11,
1964,1267,1bd9b36dbb414d6eb20dbce0d63afda8,梯乎,350.00,0.00,0.00,77,
1965,5349,44b4c8300a584a19b524ffade940c927,菱威,650.00,0.00,,20,
1966,3298,1ffa6a6642cc4395ac78d6f76258f530,菱威,120.00,0.00,,20,
1967,1270,79582fe3623043f9a4eca270fcab3189,梯乎,2500.00,0.00,0.00,77,
1968,4352,f8e1b9ddf2c847e2932935b8a552a9c4,凌云,0.00,0.00,18.00,13,
1969,1883,de9fc2ed94c04b1b81d38c864a3140a8,菱威,260.00,0.00,,20,
1970,2177,7bcad61dfa5b4366bf199cf2dc182123,菱威,400.00,0.00,,20,
1971,3521,48e8ded011604bbd8d79c6027fc3d77a,菱威,685.00,0.00,,20,
1972,3615,9e99ba2654ba4addb9cf2db83a7b3cc5,菱威,600.00,0.00,,20,
1973,3736,bb7c97596d49453da213f4fa1e4b9e0d,菱威,120.00,0.00,,20,
1974,3893,f32e04e11a9b4833ab67206c196bc85f,菱威,700.00,0.00,,20,
1975,3934,6681f80a033a422ca761b4ea4bdb0db3,菱威,0.00,0.00,,20,
1976,3937,f9f018f94e9848c9af1f058fede1abce,菱威,800.00,0.00,,20,
1977,3944,fa45a86406b64440aa9fe7da8fd697d5,菱威,400.00,0.00,,20,
1978,3952,3b4b7f462c0d4ced815efa5b751e9dc2,菱威,160.00,0.00,,20,
1979,4826,5e9bbae60c4b4aa7b1bce88658a2b956,菱威,280.00,0.00,,20,
1980,531,f189dfef3d5441d0bc5331f23056be66,菱威,110.00,0.00,,20,
1981,4973,ad1fe68101204851af8073fbaa9fa0db,菱威,2480.00,0.00,,20,
1982,532,6199c1e5875e4a08b930fb163354d8bb,菱威,110.00,0.00,,20,
1984,1572,9799f9af3ad24fe3806695c554e37cf3,菱威,1400.00,0.00,,20,
1985,2133,34cbe78a55424c38b6a96ccc7f306945,菱威,3500.00,0.00,,20,
1986,2282,753031327e7045f0a119d94ee958429a,菱威,2600.00,0.00,,20,
1987,597,50c05c5fdef7483582056e6e91838dd9,菱威,30.00,0.00,,20,
1988,601,b7ee858f4eb84b70a53946f1de57d630,菱威,265.00,0.00,,20,
1989,606,f036e8b300db491dad2dd920cf301326,菱威,55.00,0.00,,20,
1990,2421,12867b526e584fdd8d96195142c4b97e,菱威,2500.00,0.00,,20,
1991,2499,a4189206c4154fa0b46eae7a15aba506,菱威,700.00,0.00,,20,
1992,2823,b8000faf91674e72bed8254ff0bde65d,菱威,2300.00,0.00,,20,
1993,2832,7f34e7d2c91b4c9a9c55bb28b78b9cc4,菱威,4900.00,0.00,,20,
1994,3366,82609f9318434a94a69b0ea3af60c790,菱威,800.00,0.00,,20,
1995,638,d60d6b425b314e00b09ef812752ab5ba,菱威,24.00,0.00,,20,
1996,5489,02846adaa03446ee9581248949af1571,宏鑫,128.32,145.00,,64,
1997,636,06ed2a0daa4b4511acf4995d14f1a5c7,宜电,117.70,133.00,,11,
1998,3751,d5cf8e45edc548a28f7ab16700c1b7b6,龙奥机电,104.42,118.00,,95,
1999,641,2754745789374c08bd8b79604ffe4dd0,菱威,65.00,0.00,,20,
2000,642,808fe7f430fb4462b9bc0a7961e14285,菱威,65.00,0.00,,20,
2001,643,52fbe3b892454e01bfafbef2d9fa0c17,菱威,85.00,0.00,,20,
2002,5490,ea266742a9fb4ba68d01964598d6a5ad,新动力,580.00,0.00,,49,
2003,649,9b5d4f702a834622bbd5fc703795d4b4,菱威,360.00,0.00,,20,
2004,1566,e7edf9585cb84452ba1ddbcbd0178911,菱威,210.00,237.30,,20,
2005,5491,46f495e642bc4896b095d3ff7957638d,亿龙,0.00,0.00,0.00,74,
2006,2369,98eeadbdde8247a58b7240648088d39e,菱威,32.00,0.00,,20,
2007,2369,98eeadbdde8247a58b7240648088d39e,亿龙,32.00,0.00,0.00,74,
2008,1599,12ab46022db742b2984c4daa53173f7a,菱威,165.00,186.45,,20,
2009,5492,95408a0bac124192b7deaa240ccde82c,新动力,880.00,0.00,,49,
2010,644,e81198d2df9b4f3fb459cbf85fce4774,菱威,105.00,0.00,,20,
2011,647,a14b3c31fc494f1dbac6cab21f112203,宜电,0.00,0.00,,11,
2012,5493,db26052ba5ed41fcb90bbabf492090ea,宜电,92.92,105.00,,11,
2013,1627,83fb580ae3bb4607b5a3b3414d9b3cea,菱威,385.00,0.00,,20,
2014,1648,08f0b732e69245bba803e794fc7ba010,菱威,60.00,67.80,,20,
2015,650,3732360038d748bdbebc2b59cae7250f,菱威,64.00,0.00,,20,
2016,5494,d447fcd3db9540f594cc05069d79d0d8,菱威,0.00,0.00,,20,
2017,1702,d8e162d0b8344ed6a7b1134cea44920e,菱威,2600.00,0.00,,20,
2018,1704,5d6f2919ab0549fd9744c78e1e0f082c,菱威,80.00,0.00,,20,
2019,1704,43aa5900f6f54f7f89cc47b54f8d7903,菱威,55.00,0.00,,20,
2020,4981,4b928eeefaca47578b5908a2ed298e8c,菱威,450.00,0.00,,20,
2021,4980,df275717d3804841b8765436dacbcbda,菱威,0.00,0.00,,20,
2022,5495,a5e4ecf1da924bedb22ddd8582639c90,菱威,900.00,0.00,,20,
2023,5496,d4e0307a7d8b49098ebee0da706de90c,菱威,80.00,0.00,,20,
2024,651,ce43ac24793f4daa898ffc62f54906a9,菱威,135.00,0.00,,20,
2025,651,b2dca9df49874bdd976afc8f20cb08e8,菱威,70.00,0.00,,20,
2026,652,85100de5ea6047019d7d3e76ee6a72fb,菱威,12.00,0.00,,20,
2027,653,0b24a1795a614541916af6856934672f,宜电,0.00,0.00,,11,
2028,5497,ded3bda708ef46fda971f921d1eaacf7,宜电,47.35,53.50,,11,
2029,5498,6c00de1e63784be29cd88d90904d9dd7,菱威,165.00,0.00,,20,
2030,667,b5098498d4d649e1aa75626344b208f7,菱威,115.00,0.00,,20,
2031,5499,d3303bd50b9a4a2f84b718f1ff46edc7,菱威,165.00,0.00,,20,
2032,5500,4b2e01ae386744e18a8ee3d823baa85c,菱威,0.00,0.00,,20,
2033,1290,ad80cf6465ec412a9752bc25fd5a18c0,梯乎,500.00,565.00,,77,
2034,743,afc3a4f21aed4b48ab9b890b0f131015,菱威,355.00,0.00,,20,
2035,4858,ed5f8f23f53a457f9fb7abb275f1f150,菱威,20.00,0.00,,20,
2036,5501,efcb608a53c64f40a3737fd0a51e1141,维超机电,25.66,29.00,,93,
2037,2019,9c28b45cd99a4c4487a405f6b26148d1,宏鑫,340.71,385.00,,64,
2038,2019,9c28b45cd99a4c4487a405f6b26148d1,湖州讯通,261.06,295.00,,103,
2039,5502,a742c9f6eb1643609bb70acb20dbf25c,湖州讯通,203.54,230.00,,103,
2040,5503,0918daea79e942ec94c06fd339425f80,阿卡宋,203.54,230.00,,8,
2041,5504,5651cfd828814cc6ae430040055aa1eb,宜电,139.82,158.00,,11,
2042,1730,b5e12c3d46e64d88a6a6d3d58c7bced0,菱威,120.00,0.00,,20,
2043,1321,bb4382667e624e47a95cc5f24eae72e2,梯乎,140.00,158.20,,77,
2044,1730,b5e12c3d46e64d88a6a6d3d58c7bced0,睿新,101.77,115.00,,76,special
2045,4858,4a7ff51ce0744445b63359e97355003a,菱威,24.00,0.00,,20,
2046,2579,2febdd20cde84d5cbd12b9dc867111e6,湖州讯通,181.42,205.00,,103,
2047,2579,2febdd20cde84d5cbd12b9dc867111e6,宏鑫,225.66,255.00,,64,
2048,1322,88cdf7e86412455cb6cbe2ba9eb0fd66,徽菱,220.00,248.60,224.40,28,
2049,1322,88cdf7e86412455cb6cbe2ba9eb0fd66,梯乎,280.00,316.40,,77,
2050,1746,493ef5cb5ab54006866ca0a4ec4b1a5c,菱威,300.00,0.00,,20,
2051,5505,7111b19834b24f1585340d0e8aa8ad40,新动力,620.00,0.00,,49,
2052,5305,6d2e1b102ff34ad086bbe537b9f94156,菱威,1950.00,0.00,,20,
2053,5507,3f1d40329d084df9b3fcb3829ac30cd8,菱威,3500.00,0.00,,20,
2054,5506,981ee559a6e54d90aab100385b59be7a,湖州讯通,796.46,900.00,,103,
2055,5506,981ee559a6e54d90aab100385b59be7a,宏鑫,973.45,1100.00,,64,
2056,3360,be1b011228bf4a53bc844d41c1f2a7fa,新动力,780.00,0.00,,49,
2059,5510,eda5d1f476324dcda8d007a9abf54ce4,菱威,18.00,0.00,,20,
2061,3008,e63552a753034d34aee94155d50fa782,菱威,18.00,0.00,,20,
2062,3008,b2736f0dfcf441238614265ffdbedd7c,菱威,18.00,0.00,,20,
2063,5509,39d58e50855243498b823958cf4a5866,越沃,175.00,197.75,,42,
2064,5513,9a5af0acb87c4cfea1089a87b18d6f5f,大周,7.00,7.91,,52,
2065,5514,91fb0036ff5c4706afaf1c55aeb1388c,沈阳蓝光,311.50,352.00,,107,
2066,4558,a8b61a7c7a464b82a7058627db313311,菱威,80.00,0.00,,20,
2067,2851,656ef0f27b8f4144ace27c1434f96bcd,宏鑫,955.75,1080.00,,64,
2068,2851,656ef0f27b8f4144ace27c1434f96bcd,湖州讯通,650.44,735.00,,103,
2069,2851,cb932dda17ee406496768c14064fefa4,湖州讯通,902.65,1020.00,,103,
2070,5515,d5415785f82c49fa84dd5a48e70c84e9,菱威,15.00,0.00,,20,
2071,2934,d055083a24054cc8a0df578fdd8158fd,湖州讯通,553.10,625.00,,103,
2072,472,15d47e88f947459aa13b97e3984c9638,徽菱,0.00,0.00,0.00,28,
2073,2934,d055083a24054cc8a0df578fdd8158fd,宏鑫,557.52,630.00,,64,
2074,5516,cb53a50a9758430ba1494e1073fd74df,宏鑫,247.79,280.00,,64,
2076,5266,420920f3486546b4aad8b9c948654c4f,菱威,290.00,0.00,,20,
2077,5517,54c9d91578d74001b360b6c42e38450c,湖州讯通,3097.35,3500.00,,103,
2078,2213,598c8aaa8b50411daab518a921d7fec4,宏鑫,132.74,150.00,,64,
2079,5517,54c9d91578d74001b360b6c42e38450c,宏鑫,4159.29,4700.00,,64,
2080,5518,de14ac65044f46c697ac6bb7b4b295df,梯乎,30.00,33.90,,77,
2081,5518,b5677fb0ae344ff690539117cb167bc4,梯乎,85.00,96.05,,77,
2082,5519,2e452d57cb4b4504ababc435d1a8c415,新动力,1080.00,0.00,,49,
2083,5519,c741fa9e5f04458aa11d8e05cec9f762,菱威,2400.00,0.00,,20,
2084,5520,8bd36bc7a9c0470b97516691115832af,宏鑫,0.00,0.00,,64,
2085,5521,06862ea4fad94499bf4891ba2d467e55,新动力,0.00,0.00,,49,
2086,5518,b5677fb0ae344ff690539117cb167bc4,徽菱,70.00,79.10,71.40,28,
2087,3979,70cf2ad9e566490d86db3a1db77296ce,菱威,33.00,0.00,,20,
2088,5523,10b7094bc1144517800681db46cbab4a,菱威,240.00,0.00,,20,
2089,5522,4a881be4692346f9b1dbefcf0a4ba023,湖州讯通,14159.29,16000.00,,103,
2090,3273,261f49c40bf14b2497cd57566623897f,茂旺,389.38,440.00,,10,
2091,5524,c6a5d2b7f2c14fc5b5ac3c402db0e16d,越沃,70.00,0.00,0.00,42,
2092,3392,87c8671a940a4f879d440ed87fe9dac8,茂旺,442.48,500.00,,10,
2094,3653,f0a816d7083143a58baefba6a83e12c4,茂旺,486.73,550.00,0.00,10,
2096,3697,27b7eadb73d543fb926d07d538cf18f2,茂旺,424.78,480.00,0.00,10,
2098,1320,45b30fffec7a427bb29989afbd6a8e8b,梯乎,0.00,0.00,,77,
2099,3793,6bdfa05d6bcb4b7a8434ff1794475506,茂旺,380.00,0.00,0.00,10,
2100,5525,46b1a9e2e55a4913a2fc594351a30ba0,梯乎,450.00,508.50,,77,
2101,3561,fdc8f823c4d54a7fa7bb301e839f578b,茂旺,336.28,380.00,0.00,10,
2102,1425,1dbdfdc247ae4924ae09b940ee077db8,梯安,300.00,339.00,,18,
2103,3482,cbeae1a707ea4d979a07d99cbeb12a25,茂旺,398.23,450.00,0.00,10,
2104,1440,a95c7ebfb8b542aca3a109c4d402e0db,梯安,650.00,734.50,,18,
2105,3490,f242b2f12c9144368aa32f14ac9b7bd4,茂旺,380.00,0.00,0.00,10,
2106,3578,1d918183572a43808ab50c0f2df89727,茂旺,398.23,450.00,0.00,10,
2107,5526,4eec1d87821f4ce59a548f6826b12a87,宏鑫,66.37,75.00,,64,
2108,5526,4eec1d87821f4ce59a548f6826b12a87,湖州讯通,70.80,80.00,,103,
2109,5092,ef5f0165be584d208cabc1bb6459fdce,茂旺,450.00,0.00,0.00,10,
2110,3735,273f9217922a4c40b7ea52ab9c51d699,茂旺,353.98,400.00,0.00,10,
2111,3748,8f1f8e357dca4eb0be84da03fb513f39,茂旺,442.48,500.00,0.00,10,
2112,3283,2939db69e05148c0a9506bd3cd43c5f9,茂旺,734.51,830.00,0.00,10,
2113,3481,13fa378b73b64a78850e5c8e6b8fcd8f,茂旺,442.48,500.00,,10,
2114,5527,b6dbc1556a5c48958df81fcf0ab6c3c8,菱威,1600.00,0.00,,20,
2115,5527,be83218c3dc045d29068578909387cbf,菱威,580.00,0.00,,20,
2116,3641,98cae15c25a944d8bb7ab4731b3ba0ea,茂旺,504.42,570.00,0.00,10,
2117,3678,858d3325a1744055b4423492b4aa01f0,越沃,2000.00,2260.00,,42,
2118,5528,04568e2530f744cb99c192781de204fa,菱威,360.00,0.00,,20,
2119,3686,f0e6c0ba75b24508a128e1cf23582c3f,茂旺,650.00,0.00,0.00,10,
2120,3676,8f64828c61034bba946b83513921fbbd,茂旺,601.77,680.00,0.00,10,
2121,5529,9309244066a44f83961b5590ae61ae8f,菱威,130.00,0.00,,20,
2123,3416,e34142085e684230840a49b25f958a0c,茂旺,584.07,660.00,0.00,10,
2124,3668,d14947faff38450c8bfa7e48a966814f,茂旺,778.76,880.00,0.00,10,
2125,2850,6b00fcf72d0a47e3af7da07aaaac6f3d,茂旺,557.52,630.00,0.00,10,"special,general"
2126,2850,a3fce02220c045348cff1e67ac0e5035,展力,513.27,580.00,,5,special
2127,3476,ea007d9e15574f5d906a1e6ca360ecd7,茂旺,884.96,1000.00,0.00,10,
2128,1489,11480a2c40fd4f71bcdc236ffb22cfad,梯乎,2320.00,2621.60,,77,
2129,4769,b11d1cbd205040148ecdd1a10b602a41,菱威,1850.00,0.00,,20,
2130,2400,550bfc8bfb3b4f0d906f4227bf47f87e,菱威,110.00,0.00,,20,
2131,5530,e2b53373c61b4b5ba87bef4f83d14276,菱威,33.00,0.00,0.00,20,
2132,5531,9451bdcbfe874d9f8c3498b29259e03a,菱威,0.00,0.00,,20,
2133,1147,90519eeae1cc486791cdde8b2bc4c9d6,菱威,13.00,0.00,,20,
2134,391,cd65dfc8db71414d8b0b5d791b8a0661,菱威,95.00,0.00,0.00,20,
2135,5532,b363214842a34761b458b12b165002ed,菱威,170.00,0.00,,20,
2136,1555,0492ff8ea33e4f7a8928523c2af7eb3e,菱威,65.00,0.00,0.00,20,
2137,1555,0492ff8ea33e4f7a8928523c2af7eb3e,宏鑫,70.80,80.00,,64,
2138,1555,0492ff8ea33e4f7a8928523c2af7eb3e,湖州讯通,53.10,60.00,,103,
2139,4230,fa0dfdffd4314fbd8fa63902c11b617e,菱威,1900.00,0.00,,20,
2140,3174,604e4c8e44de40a1821ff53f00ac3c94,菱威,3300.00,0.00,,20,
2141,3174,419f98d69f0943cf940e9a5fac47eea8,菱威,2800.00,0.00,,20,
2144,3784,28db675792ad41a295479ade0d241056,梯安,1120.00,0.00,,18,
2145,58,b0c5e3bf590d4b82a304026ff7631ff4,菱威,2300.00,0.00,,20,
2146,4005,57b1c541593143719b9415f96c8277e9,越沃,3350.00,0.00,0.00,42,
2147,4005,d57610489af34582afe93319b74fb0e4,越沃,2750.00,0.00,0.00,42,
2148,5533,a8787b71392b4265b554f09f58232e47,菱威,48.00,0.00,,20,
2150,3267,79b7afb58cc74d549d74ec0db5e046e7,茂旺,752.21,850.00,,10,
2151,4924,29dea33ad1fe4d7aa23c18c902c687f6,南希,200.00,0.00,0.00,67,
2152,3270,0f7a7dcf05d14dd3b50fd81b7e22d667,茂旺,750.00,0.00,0.00,10,
2153,4345,681d2a0c44114b4193b1a7694d4eeafb,菱威,240.00,0.00,,20,
2154,5534,35ec4bb5d6ad458daae41c51d99ac8d0,南希,20000.00,0.00,,67,
2155,306,e370549e16b2459988d714aa75f541c7,徽菱,240.00,0.00,,28,
2156,1549,0ae6a76de74748cf865069e5c0d3e0c6,菱威,80.00,0.00,,20,
2157,4932,a9651743c8e14072ab8cc638f2d53aff,菱威,600.00,0.00,,20,
2158,3475,293f7a20286c451c98a61f7c07397b1b,茂旺,560.00,0.00,0.00,10,
2159,730,e9c3d3cb2798434b990e1f1bfdc239f2,梯安,1300.00,0.00,,18,
2160,5535,645eddadb34343659727e0ab967244f1,梯乎,180.00,0.00,,77,
2161,5535,645eddadb34343659727e0ab967244f1,徽菱,100.00,0.00,,28,
2162,3484,31a1756b8b3f4bdab5064b2b06e80fdd,茂旺,442.48,500.00,0.00,10,
2163,4351,3fca82fc5f7b42698e8b8423bcc7952f,凌云,5.50,0.00,,13,
2164,3489,6a576f051fee49bfbeb4e5f01d555fe0,茂旺,398.23,450.00,0.00,10,
2165,3491,cc4fcdfaf25c40cfb41b59c9196c8815,茂旺,955.75,1080.00,0.00,10,
2166,3644,59409c754e8e46ed8ed3537a34fa94db,越沃,0.00,0.00,4600.00,42,
2167,3644,daed67bcffbd46939e1a7582b2c7d889,越沃,0.00,0.00,2500.00,42,
2168,737,1a35bfa0f8ba4e78a6c0f66193547342,越沃,0.00,0.00,440.00,42,
2169,2288,7a520e674d6d47338987c76aa49c2819,菱威,295.00,0.00,,20,
2170,2292,d88ea4ed8c2845349c8d7b7202af871f,菱威,650.00,0.00,,20,
2171,2292,d88ea4ed8c2845349c8d7b7202af871f,龙奥机电,486.73,550.00,,95,
2172,2505,780f9d252a4a4938b36d11c72e585f65,徽菱,90.00,0.00,,28,
2173,5536,8d1ba26081114fdc96ba94f2aaabcf29,维超机电,42.04,47.50,,93,
2174,268,d19c8f7e41a244e0b11a399530f611bc,菱威,28.00,0.00,,20,
2175,268,50834e3c22934398b6996903b844a385,菱威,30.00,0.00,,20,
2176,4007,15b9758acb8542aa9f75861c589dffc9,菱威,520.00,0.00,,20,
2177,4007,15b9758acb8542aa9f75861c589dffc9,越沃,0.00,0.00,680.00,42,
2178,331,b93b109d833d4931b8a60ce8ab4a6cd8,南希,420.00,0.00,,67,
2179,331,b93b109d833d4931b8a60ce8ab4a6cd8,菱威,440.00,0.00,,20,
2180,4724,5f8de798e7ec48558e77cc4271f762c3,菱威,110.00,0.00,,20,
2181,4900,5576f1eb2737429fb54eeb3fa639b802,菱威,1200.00,0.00,,20,
2182,2644,9fbe41d5c4604d9f9e64e66031874f8c,梯乎,0.00,0.00,500.00,77,
2183,5035,e805fde1cbea4e2b9d5431b0266f97a3,菱威,3950.00,0.00,,20,
2184,5035,25791941c5aa4cb2935301b3d3a4512a,菱威,6350.00,0.00,,20,
2185,3205,113ebf2e133c4802b4c99338d7a2cd03,菱威,2500.00,0.00,,20,
2186,3205,059250b45c094df3a16c666c313a2290,菱威,4900.00,0.00,,20,
2187,448,7531b8be6a6e477e817e88c6224d7b49,菱威,180.00,0.00,,20,
2188,448,7531b8be6a6e477e817e88c6224d7b49,宏鑫,137.17,155.00,,64,
2189,975,17dbfad7493d415cb60f2e3405fda88d,宏鑫,146.02,165.00,,64,
2190,1503,63ebbe0d74864c5ead9f37b83188ef90,湖州讯通,150.44,170.00,,103,
2191,1503,eeeab198cdbe4120a75583dda91dec69,宏鑫,119.47,135.00,,64,
2192,4233,100757c51bc5473ba38c136a04ff923f,宏鑫,61.95,70.00,,64,
2193,2443,6f6282081c7248719e2b37cd5d68a0c5,丽景恒泰,400.00,0.00,,84,
2194,2443,6f6282081c7248719e2b37cd5d68a0c5,菱威,500.00,0.00,,20,
2195,1280,9bea8e20964f4f648ca6d1cf10a54039,菱威,2500.00,0.00,,20,
2196,3498,12f104cca51643dca1c9c4a84a860313,菱威,1750.00,0.00,,20,
2197,3368,2621a961c5114e8d90b20d016310eaff,菱威,1000.00,0.00,,20,
2198,2665,e9cb527b6d674d72babd0c4acdbe8271,菱威,0.00,0.00,,20,
2199,4911,3a7242ad567d43a1a8456f3ae486e2c4,菱威,0.00,0.00,,20,
2200,5537,267e4a8c0ac04543ac3787860e59b0b2,菱威,35.00,0.00,,20,
2201,5212,2eff24e8f3db41d3bec34ba359f225dc,龙奥机电,4.42,5.00,,95,
2202,5212,2eff24e8f3db41d3bec34ba359f225dc,菱威,7.00,0.00,,20,
2203,5224,6b3d7e3a4fa2461e946658688aaff5c9,菱威,110.00,0.00,,20,
2204,5272,f121bc4732a8487c98e08563b683272b,菱威,540.00,0.00,,20,
2205,5272,f121bc4732a8487c98e08563b683272b,吉菱机电,0.00,800.00,0.00,48,
2206,5346,34f3e1741ef64f06a53ae31f75d2c452,菱威,0.00,0.00,,20,
2207,2966,802879f939374a33b44dc4eb49fcf229,菱威,1350.00,0.00,,20,
2208,5409,b39c4984e8124312860bfed9a0bd221d,菱威,280.00,0.00,,20,
2209,3591,6f89e3154ea14507a5f9cdd7e0b703dc,茂旺,557.52,630.00,0.00,10,
2210,4851,ca183ea9638a4fad85bfd768a0c67804,菱威,700.00,0.00,,20,
2211,4448,b7eb48d0a17d4a369d9f4dfcb84ab287,徽菱,67.00,0.00,,28,
2212,3606,042e476693084630acc365a037bacdee,茂旺,550.00,0.00,0.00,10,
2213,3617,1945836226944fb893063e441a2ec9ba,茂旺,398.23,450.00,0.00,10,
2214,3682,a25f739052a04b73bdb195e52466baee,茂旺,752.21,850.00,0.00,10,
2215,3732,dec50052d06447d694864466ce6523a8,茂旺,398.23,450.00,0.00,10,
2216,3733,ca6e846c52de4c5a96a18e0f852b63e8,茂旺,1327.43,1500.00,,10,
2217,1505,8bff0d331b6440d38c232bd53f457b81,梯乎,1050.00,1186.50,,77,
2218,1505,8bff0d331b6440d38c232bd53f457b81,徽菱,1100.00,1243.00,1122.00,28,
2219,1462,43ade60702e84eee87462d494f08dff1,梯乎,560.00,632.80,,77,
2220,541,24d8293b5b8e4a0db732f8547e7f0e20,徽菱,1050.00,1186.50,1071.00,28,
2221,541,b21d9584af984a5d9620802944bcf1c5,徽菱,3000.00,3390.00,3060.00,28,
2222,541,4c3fc065bcae473faa56639605829f87,徽菱,4100.00,4633.00,4182.00,28,
2223,541,b21d9584af984a5d9620802944bcf1c5,梯乎,2000.00,2260.00,,77,
2224,1538,f11862f5b72e43e782a9feae98e49ef8,梯安,760.00,858.80,,18,
2225,1636,8b0fc7cbbbd14e5b84fb71e681298adb,众思创,336.28,380.00,,9,
2226,2729,fc8491ee47414581b1d1e09166e74a6e,菱威,50.00,56.50,,20,
2227,1984,09711fe3e18c49ea9cba823c882d3a79,菱威,32.00,36.16,,20,
2228,500,84896c67ede04fa5a251642ef7fd6a1b,梯乎,540.00,610.20,,77,
2229,500,84896c67ede04fa5a251642ef7fd6a1b,徽菱,500.00,565.00,510.00,28,
2230,1983,a8ebdd77a9754a14a3b43fb8cbb89dc2,菱威,150.00,169.50,,20,
2231,1983,a8ebdd77a9754a14a3b43fb8cbb89dc2,梯安,142.00,160.46,,18,
2233,684,8461e91d2ae64f369f596b83ac38ad4a,梯安,270.00,305.10,,18,
2234,684,e5e32d8c5ac341df8fb36badf260007a,梯安,80.00,90.40,,18,
2235,684,b316650a89884f51a2f89cc7b3ec2615,梯安,125.00,141.25,,18,
2236,1522,b254515507734f379b98bfd61aab452b,梯乎,500.00,565.00,,77,
2237,1543,bca0081e4ffe4ff9b334216d19229160,徽菱,400.00,452.00,408.00,28,
2238,1543,97ea4b1fca3f49518df9d4a782b36f96,徽菱,235.00,265.55,239.70,28,
2239,1607,c2ecb2b7398a47e69dd9937be99b5c49,梯安,2600.00,2938.00,,18,
2240,5211,d810c10adb6e40bd9a043f8bd390606f,菱威,249.00,0.00,,20,
2241,1616,b003d8c52d5a4b0dad0d1b44ee665b0d,梯乎,2500.00,2825.00,,77,
2242,1616,0a911e95de154ff1961af96661ceb486,梯乎,1500.00,1695.00,,77,
2243,1616,86004b7aa2d84775b090e76edbccf8bf,徽菱,950.00,1073.50,969.00,28,
2244,745,b72510abe737408489d5b23d1c94f125,菱威,380.00,0.00,,20,
2245,746,235700cc7b4e424983bae537bf2e7a6c,菱威,175.00,0.00,,20,
2246,1617,8a8207c4ff2047c49495464e905b8f10,梯乎,3920.00,4429.60,,77,
2247,821,f49317b896eb4f32b5baffae5796a8e3,菱威,255.00,0.00,,20,
2248,1618,8062c5e619044d8cb1daebe2eb355ccd,梯乎,1230.00,1389.90,,77,
2249,1618,8062c5e619044d8cb1daebe2eb355ccd,徽菱,1200.00,1356.00,1224.00,28,
2250,823,681bf78eff374a0f8748a58c3eb55602,宜电,0.00,0.00,,11,
2251,747,a03f3c97f4b64677995286ff2adcfb81,菱威,135.00,0.00,,20,
2252,5538,e484fb550d4a4d7a8133177bb32f90b2,宜电,47.79,54.00,,11,
2253,818,1c7c63b1932b48688dd9cff3bb0ab3c4,菱威,150.00,0.00,,20,
2254,5539,f8fa9d1427f24b54b65425d8181f7968,宏鑫,548.67,620.00,,64,
2255,5540,460de90c6277450dad0d18e173aee3a7,湖州讯通,548.67,620.00,,103,
2256,5540,0f73d3e394ed473e9ba5a195f169a1b3,湖州讯通,407.08,460.00,,103,
2257,5541,34e7aba508d04527b27a8d02788fce04,湖州讯通,181.42,205.00,,103,
2258,5541,34e7aba508d04527b27a8d02788fce04,宏鑫,247.79,280.00,,64,
2259,1789,d1b4b56a870645d98fcd608e04befd1e,梯乎,300.00,339.00,,77,
2260,1789,d1b4b56a870645d98fcd608e04befd1e,徽菱,700.00,791.00,714.00,28,
2261,1789,9e8d3b05314a41409e2c263373420401,徽菱,400.00,452.00,408.00,28,
2262,5542,1b85a34160444701a569e7a01303d0b1,越沃,0.00,0.00,455.00,42,
2263,5542,1b85a34160444701a569e7a01303d0b1,菱威,410.00,0.00,0.00,20,
2264,1753,04583c912d6847a7b34e6ac8ddf5127d,徽菱,950.00,1073.50,969.00,28,
2265,3734,d77dcd656ebf410d87435e87feddb4b1,茂旺,707.96,800.00,0.00,10,
2266,5543,068e97ff8b8d43f5b8e67fb608b12320,徽菱,370.00,418.10,377.40,28,
2267,3757,2a2bae10308944b5adc38684a17ade32,茂旺,380.00,0.00,0.00,10,
2270,5069,f99ec805a813422e9c015d7a94e40c3c,梯乎,4200.00,0.00,4200.00,77,
2271,5079,c6b38cbd167545e7a3de5e3d117aee2d,茂旺,353.98,400.00,0.00,10,
2272,5082,54ccd4719e384f63b01b808769e70204,茂旺,486.73,550.00,0.00,10,
2273,1619,91a78b3d73194637beb8dd1d57b18b2a,梯安,2400.00,2712.00,,18,
2274,5087,30e8d8c9a2e247aeb30ccdd2d91d4f8c,茂旺,750.00,0.00,0.00,10,
2275,5093,42a12ab163a3419dbe4cb2ad213d36ea,茂旺,442.48,500.00,0.00,10,
2276,1791,296d6ed29c5a4580a217036a41150a11,梯乎,2700.00,3051.00,,77,
2277,1791,296d6ed29c5a4580a217036a41150a11,徽菱,2100.00,2373.00,2142.00,28,
2278,1791,2143eef9625e4cdea2811adcf4307fe3,梯乎,1800.00,2034.00,,77,
2279,1791,df12d493b1c24459802c68cebee2c80a,徽菱,1050.00,1186.50,1071.00,28,
2280,2991,ef16d3781d4b48cfa44ba6b8adaeb5b8,徽菱,1900.00,2147.00,1938.00,28,
2281,1801,56fb3ffa169446849b1debe7b80b4031,梯乎,1680.00,1898.40,,77,
2282,1801,9e81fd6f42564f179870d0e548e5fbb9,梯乎,1350.00,1525.50,,77,
2283,5108,60d76fb2d7e84dfdaa081fa457ab7280,茂旺,0.00,930.00,0.00,10,
2284,5112,8e2d9d304ae24e2b9f4a7f5d3a213fcb,茂旺,330.00,0.00,0.00,10,
2285,5114,e3b929de6aaa41cf8a4d6f4c096f24fd,茂旺,520.00,0.00,0.00,10,
2286,5115,43589b5350a142bfa2e10b8e5ba8e6b8,茂旺,1130.00,0.00,0.00,10,
2287,1894,eafed8863d5346f59ba1df30ec218459,梯安,640.00,723.20,,18,
2288,1864,aa7e70ea12a1438c94fc21b72eb384c5,梯乎,3500.00,3955.00,,77,
2289,1864,b19431ab69ba4d22b00194545195676a,梯乎,2000.00,2260.00,,77,
2290,5116,5e1e20a5c31345cbb12662967a89d445,茂旺,1100.00,0.00,0.00,10,
2291,5122,f7853b1cc948427c9220e14906ab860d,茂旺,725.66,820.00,0.00,10,
2292,1903,f9b51391f52e49d38d970b8f055d5516,徽菱,3400.00,3842.00,3468.00,28,
2293,5148,0e77a27752854d9bbf1ddeb1327ce86e,茂旺,389.38,440.00,0.00,10,
2294,5150,7cc97a11413a4551b935cb530e4a520c,茂旺,442.48,500.00,0.00,10,
2295,5152,d6ab666b85484766b5a651e94af66a52,茂旺,353.98,400.00,0.00,10,
2296,5229,e52c6c30567e4de6ad7824444fff6c2d,茂旺,398.23,450.00,0.00,10,
2297,5316,5311d01918804d4bb4b17103b7f27c13,茂旺,700.00,0.00,0.00,10,
2298,5155,3064783e77bf40e3a4a276884ae11aad,茂旺,760.00,0.00,0.00,10,
2299,5159,64214fb1fc1e403ab846b27b9749f950,茂旺,770.00,0.00,0.00,10,
2300,5161,dacd69d9459749ecb05e0fe8b97fe248,茂旺,600.00,0.00,0.00,10,
2301,5165,7e2a8e42f4644feb8a0d561c370dd684,茂旺,424.78,480.00,0.00,10,
2302,5141,5a34ab2f62434e50bdbd2bf26bae13d8,茂旺,800.00,0.00,0.00,10,
2303,5146,3f0a7017172140f6bd4ee9ebf39cd4b7,茂旺,796.46,900.00,0.00,10,
2304,5133,a543803a0fd540a59b3f8984acfc3982,茂旺,700.00,0.00,0.00,10,
2305,5131,17a901ff8c754ab2a896b3eb68c5fb70,茂旺,752.21,850.00,0.00,10,
2306,5128,fbc50f7727bb465ab2594d7e26f2f146,茂旺,1592.92,1800.00,0.00,10,
2307,5124,f420a13a4ba440ed839da7dd14922c05,茂旺,500.00,0.00,0.00,10,
2308,1979,d3c85e5d9176455f88c5ca09b551c4e6,梯乎,4920.00,5559.60,,77,
2309,1979,d3c85e5d9176455f88c5ca09b551c4e6,徽菱,3200.00,3616.00,3264.00,28,
2310,1979,dc2041432fb84f8990b2b2667ac620c9,梯乎,3300.00,3729.00,,77,
2311,5123,6479d51b3831435b95b56f17564c3edd,茂旺,929.20,1050.00,0.00,10,
2312,1991,adabde4e9a6f41b2a5fd9cd26ccb1cc8,徽菱,90.00,101.70,91.80,28,
2313,1945,dfd5aaf818df4877a74e6c210f44cf04,梯乎,2677.00,3025.01,,77,
2314,1463,3e3168fa3968459db0d6fc34a2fc3d01,菱威,2250.00,0.00,,20,
2315,1463,75c50e30505b4e4999c17c08fe049af7,菱威,1550.00,0.00,,20,
2316,4858,ed5f8f23f53a457f9fb7abb275f1f150,亿龙,12.00,0.00,0.00,74,
2317,3605,59f43ba5d917463293fd4de005c5f009,梯乎,350.00,0.00,0.00,77,
2318,3605,cd6eb6809d87429a8616139e55282d09,梯乎,200.00,0.00,0.00,77,
2319,1849,7a8f7d1022544cdab207def16af0d73d,南希,43.00,0.00,,67,
2320,1849,6390d1128f8d47bd9043d85839c6c4a4,南希,21.00,0.00,,67,
2321,702,9d6f9507be184de0b8c2d52d6d0413c6,湖州讯通,318.58,360.00,,103,
2322,880,7144f27b47524a70b0ba8c753d5b9fe0,菱威,1150.00,0.00,,20,
2323,702,ee1ba49233004858a098afda8e8ee17f,湖州讯通,185.84,210.00,,103,
2324,702,ee1ba49233004858a098afda8e8ee17f,宏鑫,207.96,235.00,,64,
2325,4882,5851871c89664a72bf7d08b3420f0b18,菱威,160.00,0.00,,20,
2326,4339,7e4b0fc189d9404bb6a449ca85a8851a,菱威,155.00,0.00,,20,
2327,4339,7e4b0fc189d9404bb6a449ca85a8851a,越沃,0.00,0.00,155.00,42,
2328,628,5d9626b289d04942a7115f7345468d7d,菱威,330.00,0.00,,20,
2329,2233,99061ae3ef6d43a58d836f390a53e608,宏鑫,29203.54,33000.00,,64,
2330,2233,2a04d512aa3a4b4ab33694123bd2fdc5,宏鑫,6283.19,7100.00,,64,
2331,5137,743f46e52eb041b09395ea8061a17f2e,宏鑫,3185.84,3600.00,,64,special
2332,5137,7ff627cd322340efa567f085d1aa0c6e,宏鑫,15486.73,17500.00,,64,special
2333,2070,007d1d42db074f7fa2ec1d398d300777,菱威,15.00,0.00,,20,
2334,2070,a97f178a7aa34099b2d6eed23ec2b309,菱威,8.00,0.00,,20,
2335,2026,712e6ba9cf0e448ea4b6bda4e53c1b12,梯乎,110.00,124.30,,77,
2336,3847,da0c88cfe0564639a6ad3f1500756c19,越沃,0.00,0.00,700.00,42,
2337,2405,fa89e979959b415f9e86681af9432d1e,菱威,1400.00,0.00,,20,
2338,2405,ad9f90ce93ba4e10bc0168a2205531c9,菱威,2100.00,0.00,,20,
2339,2036,91a1aa94236b498a9bb41b5af9c6d627,梯乎,280.00,316.40,,77,
2340,2403,6dcc39c793b34e40b007ddbdbe80e0df,菱威,2280.00,0.00,,20,
2341,2403,34e2678171fd4f4dbbf0b5216d29aa50,菱威,1600.00,0.00,,20,
2342,4337,a29d2567055946af865352049014a314,越沃,,,265.00,42,
2343,4337,3c0c344313884cbd8c47bc157b96b0b3,越沃,0.00,0.00,700.00,42,
2344,1476,1abc26b7f8c2492c8235bc18aa54e7cb,菱威,2500.00,0.00,,20,
2345,4960,3010a026b746438eb811128efdca6b16,五龙,796.46,900.00,,46,
2346,2935,33ca867da4f04b589534bb3f189b3291,宏鑫,6725.66,7600.00,,64,
2347,2935,52c0d19c069544d6a1eaa2ff48f2ea2c,宏鑫,7787.61,8800.00,,64,
2348,2935,5ea1c76382334e01afe8c4161df4d2e4,宏鑫,1150.44,1300.00,,64,
2349,1727,ddd1dfaa354441ecb1cb43fb5b9ef77e,梯乎,0.00,0.00,45.00,77,
2350,1727,ddd1dfaa354441ecb1cb43fb5b9ef77e,徽菱,45.00,0.00,,28,
2351,1105,0a1e9dac97c0489d99a84a248e3dab9f,菱威,125.00,0.00,,20,
2352,2348,84b5ca24ea7a4d9abc3b81136c783f78,越沃,7000.00,0.00,0.00,42,
2353,1950,3f9fcf589faf498480f84935f08f9640,越沃,0.00,0.00,40.00,42,
2354,2348,84b5ca24ea7a4d9abc3b81136c783f78,菱威,5600.00,0.00,0.00,20,
2355,900,2b67bee0254940e9a260e26de7989c88,梯安,140.00,0.00,,18,
2356,900,2b67bee0254940e9a260e26de7989c88,菱威,155.00,0.00,,20,
2357,2164,a52b0de35ce64e6783658bc294957035,菱威,415.00,0.00,,20,
2358,2164,02b988d437104a639287944c06cc7866,菱威,450.00,0.00,,20,
2359,4668,41dcb5d73c6e4bb89dbf2d5b15f840f6,菱威,220.00,0.00,,20,
2360,4672,6dbc97ca29c3449eb7a9393ecdebe22a,菱威,2650.00,0.00,0.00,20,
2361,2227,820f54ffbcfd4deebf5d1fd071c67f4a,菱威,330.00,0.00,,20,
2362,4672,6dbc97ca29c3449eb7a9393ecdebe22a,越沃,2700.00,0.00,0.00,42,
2364,2932,60573e9172f34557a9a90b989ce714c3,丽景恒泰,320.00,0.00,,84,
2365,4673,3e3095f1ae32422a8e5518dd61e2d908,菱威,2300.00,0.00,0.00,20,
2366,2984,2b6559fc7f9c4ae1b83031cc9006315d,丽景恒泰,150.00,0.00,,84,
2367,4673,3e3095f1ae32422a8e5518dd61e2d908,越沃,2500.00,0.00,0.00,42,
2368,3951,946278cd2d794a678b378e86c001f167,丽景恒泰,125.00,0.00,,84,
2369,5167,fa7cf2e474b64e0ba6eeeb5a7afd0adb,菱威,15.00,0.00,,20,
2370,1232,7fe156e895fb4c62970868a5e7c5d027,越沃,0.00,0.00,3000.00,42,
2371,4671,96bc7cf0db5b4ce1838f0a9f59615714,越沃,0.00,0.00,2800.00,42,
2372,4671,96bc7cf0db5b4ce1838f0a9f59615714,菱威,1600.00,0.00,,20,
2373,1016,4d291021ebc04d869b3b2ee1d9279e0b,越沃,0.00,0.00,280.00,42,
2374,529,198d0ff068e94594bf4707fb64e69520,越沃,0.00,0.00,110.00,42,
2375,529,198d0ff068e94594bf4707fb64e69520,菱威,100.00,0.00,,20,
2376,3661,72d049eca30d46e98012730efff4e6b9,南希,1100.00,0.00,,67,
2377,3661,1fe8d6134ffc4fd2b93ba81e9994d0f6,南希,110.00,0.00,,67,
2378,4960,3010a026b746438eb811128efdca6b16,梯安,1080.00,0.00,,18,
2379,335,2bdd4f73ee70442bbc928c3f4f37abc9,菱威,60.00,0.00,,20,
2380,3439,9e2e1cd39a8a4eb88658e4f7459d436a,大周,50.00,0.00,,52,
2381,3439,f4d8b13080814411a765d602bddf59bd,大周,20.00,0.00,,52,
2383,5267,6f120bc22c6b4c3689ef80744bb329d3,梯乎,1800.00,2034.00,,77,
2384,2233,a136b8047de74fb3a2d21fa9e128f5c1,湖州讯通,1017.70,1150.00,,103,
2385,825,923bdadf0af144c68b9626441085c6b0,宜电,0.00,0.00,,11,
2386,5204,f7b8553da9844d818bfe382e6c9af671,宏鑫,3230.09,3650.00,,64,
2387,5204,f7b8553da9844d818bfe382e6c9af671,湖州讯通,2000.00,2260.00,,103,
2388,828,344b72f3971e4ce9ab58d084dfdb6901,宜电,132.74,150.00,,11,
2389,834,d1cecf8546424c249a2419d53d649272,菱威,0.00,0.00,,20,
2390,5181,8c763917ec564daca2da84820390e591,菱威,249.00,0.00,,20,
2391,836,c82b5f12226d40758203ed164cb1d0a0,菱威,185.00,0.00,,20,
2392,5038,ccb5af72b46a4cdd908ae16d6185b9ee,宏鑫,1415.93,1600.00,,64,
2393,5038,ccb5af72b46a4cdd908ae16d6185b9ee,湖州讯通,1548.67,1750.00,,103,
2394,4965,dae891094184464fa4d4cbf9465e0314,菱威,1200.00,0.00,,20,
2395,839,2acb45d25b524094a26e9f9febd5a8f9,菱威,0.00,0.00,,20,
2396,840,e5a20fb78e4349f6840139d0e76ec921,菱威,0.00,0.00,,20,
2397,841,9a89fede3c644596be976c1fbdea8e71,菱威,26.00,0.00,,20,
2398,883,a8c736b75cc441488707d5347357a0fe,菱威,135.00,0.00,,20,
2399,918,bf0fbb837fd94ec3881477e3576dcd8e,菱威,195.00,0.00,,20,
2400,5544,e4a7af6940d14c4db4ed31a194b9d9b9,湖州讯通,84.07,95.00,,103,
2401,5544,e4a7af6940d14c4db4ed31a194b9d9b9,宏鑫,84.07,95.00,,64,
2402,920,2c7719cb09da4bbe8418be0d0aca2a08,菱威,315.00,0.00,,20,
2403,5545,eff4faaed5af442bbaeda25829cdc5d1,凌云,15.00,0.00,,13,
2404,5546,cfaf1d90a5bc42228b87913aaf8ecb8d,宏鑫,0.00,0.00,,64,
2405,3755,dd0a1d30c1c741f083e7ab2f9911ebca,菱威,2000.00,0.00,,20,
2406,3755,dd0a1d30c1c741f083e7ab2f9911ebca,龙奥机电,1858.41,2100.00,,95,
2407,5547,afee027f18e84f559f31aa9fda0d1e96,菱威,55.00,0.00,,20,
2408,5548,c0583df148064411990bae138d97af08,菱威,80.00,0.00,,20,
2409,5549,b511a65fc89d4a799dab6a2f581844b5,菱威,68.00,0.00,,20,
2410,5550,e9aad22180ab4ad0a4d28b8fb238b59e,菱威,63.00,0.00,,20,
2411,919,11b4edf1da344f0e8de308f8c8c44b43,菱威,355.00,0.00,,20,
2412,921,61ef41399eb84b078308d384d5d6d6c6,菱威,0.00,0.00,,20,
2413,924,5008b44675d9497f974a7b1454793194,菱威,0.00,0.00,,20,
2414,5551,b68498b864584a598b7c6cb908ea7469,菱威,215.00,0.00,,20,
2415,922,47c2cbd67eaa458c9d22070ab42cf650,菱威,0.00,0.00,,20,
2416,4919,62750c4d0f09406aacae7d8c1b50f01a,南希,3000.00,0.00,0.00,67,
2417,4918,548c9f72c2a1484183fed38370df7796,南希,2800.00,0.00,0.00,67,
2418,4687,5d311a1adc754ec39c0a2b89e54b7b75,菱威,230.00,0.00,,20,
2419,4623,98f3e018612a4607a9eecd8ba4663b09,菱威,420.00,0.00,,20,
2420,4618,842b941ae91a4a4e8fd3ac7820defed7,菱威,290.00,0.00,,20,
2421,4578,a3d89e19ffae43058a478e99707378b8,菱威,550.00,0.00,,20,
2422,4522,4951570ee9cc4e4aba079be7e91fca54,菱威,1580.00,0.00,,20,
2423,4514,a2e5b9a47bed4e72b0a87759b803be2f,菱威,590.00,0.00,,20,
2424,4431,bdb4f070e6b84dac8e19a352d5704407,宏鑫,1106.19,1250.00,,64,
2425,4330,99ea916ac9cc4c7ea291e6c7fff9db46,越沃,400.00,0.00,0.00,42,
2426,4289,c810b8743d7a4c78840a2695489a34c5,菱威,1250.00,0.00,,20,
2427,4268,6121cc6e88b8425797ba8fe486dfea29,菱威,1280.00,0.00,,20,
2428,4232,c7ee9119e95d489793de461ab5baa93e,宏鑫,0.00,780.00,0.00,64,
2429,4149,c5757027b9224a4abb38c35737bf76c1,菱威,620.00,0.00,,20,
2430,4088,d8cf2e0519b34b73a995c0c0a52f26e5,吉菱机电,0.00,0.00,0.00,48,
2431,2501,b87edd5e847f47b694d7b00b861f710a,菱威,60.00,0.00,,20,
2432,926,278f30b64c674153b5ebfc5cf6182601,菱威,0.00,0.00,,20,
2433,821,1382eb1728864475bfa4651cc9d4a3bd,菱威,255.00,0.00,,20,
2434,944,7d91cf108aef4d45b8c5284ead3fade7,菱威,45.00,0.00,,20,
2435,620,ba3996dcec484f7d803c2a7939b25576,梯安,120.00,0.00,,18,
2436,977,07e2c7afc5dd462589009cb43b8cc934,菱威,0.00,0.00,,20,
2437,1008,3493f7bce6294be5a829fbf601a2fe3e,菱威,20.00,0.00,,20,
2438,1011,eef8a77959e546c3ac50dd3f2501fed0,菱威,320.00,0.00,,20,
2439,923,110fa93978d94e108943c16bfd76c480,菱威,0.00,0.00,,20,
2440,1920,365bf7f3ed23444bb0b45e6db7cd37ef,菱威,280.00,0.00,,20,
2441,1012,048811159f554e889aa1898912cdf77a,菱威,270.00,0.00,,20,
2442,1018,312dda7155a64b69a9b2539bb55d2dd8,宜电,0.00,0.00,,11,
2443,5552,7730d6c04a1d4ac1be0215b38eeb30d5,宜电,25.22,28.50,,11,
2444,4943,91930bf210bf49ab9a6c440bbd3048a4,菱威,90.00,101.70,,20,
2446,1019,c06189ceb9ff43c9afcab76c01364900,菱威,0.00,0.00,,20,
2447,3206,45cfe2ccaf234e8e9e576c177c3bf495,菱威,90.00,0.00,,20,
2448,3206,2de72f13d9a644fb9a85061f98832c00,菱威,90.00,101.70,,20,
2449,3296,75543698cca34fc1b657c014511bac93,菱威,700.00,0.00,,20,
2450,385,d8ea699aa92548b8bd1054f40a9da182,越沃,280.00,0.00,0.00,42,
2451,385,d8ea699aa92548b8bd1054f40a9da182,菱威,260.00,293.80,,20,
2452,5554,38cb157ff7a54b48a0c4d18d7d5badd7,菱威,65.00,0.00,,20,
2453,5553,5eb01b4f4ac048d0b44d4b1ff7a7b1a6,徽菱,110.00,0.00,0.00,28,
2454,5553,dd0b60f94bac4ade83f0f7f17fd4503a,徽菱,80.00,0.00,0.00,28,
2455,5553,dd0b60f94bac4ade83f0f7f17fd4503a,梯乎,0.00,0.00,130.00,77,
2456,2092,41f5cf2d882e4b81829128973ec7a375,菱威,145.00,0.00,,20,
2457,4737,39c23dccee404705aa785bde164e8b0c,梯乎,0.00,0.00,35.00,77,
2458,1022,75427e692a96468b9493160614f61565,菱威,0.00,0.00,,20,
2459,1028,24fac5e594ca434b8353bebc405cfda3,菱威,0.00,0.00,,20,
2460,1026,9e43ba836f004f0e83e3385606d3032a,菱威,70.00,0.00,,20,
2461,1036,e58273c057184c24924d3c907cb01790,菱威,150.00,0.00,,20,
2462,5555,77682bf9b05f4e9db9be2142a66baa73,菱威,160.00,0.00,,20,
2463,4301,85378a415bc34d289726b2028167db80,大周,5.00,0.00,,52,
2464,1037,7eae64aa666746b6a367833a683dd1d2,菱威,27.00,0.00,,20,
2465,3098,9573687c51804e1b9052c8eb864058ae,南希,45.00,0.00,0.00,67,
2466,4374,e152bc81936a42918dbf10a20a3bd961,宏鑫,3716.81,4200.00,,64,
2467,1099,bd671ce903834ed9ba886971c08d3616,菱威,118.00,0.00,,20,
2468,2029,b1d9766f7044451d88d25672dbadb1d0,梯乎,0.00,0.00,65.00,77,
2469,2029,b1d9766f7044451d88d25672dbadb1d0,徽菱,60.00,0.00,0.00,28,
2470,4374,8628058e014d433897af884081b167e0,宏鑫,7256.64,8200.00,,64,
2471,1102,46f8f66bb02e4009abea59d2b96f90ac,宜电,0.00,0.00,,11,
2472,5556,689d328699ac48c895d0c3af21a8a40d,宜电,26.11,29.50,,11,
2473,1236,126e6a723e4a46188865645fe1598dd8,菱威,110.00,0.00,,20,
2474,629,28309ef7600b4537a281cb9d87c4f2cd,奉化光亚,149.56,169.00,,112,
2475,452,10c5f02dd3474bae9f70eac62d36a99c,奉化光亚,109.73,124.00,,112,
2476,322,951820a5fa6342ce8f72fb2e68413c5e,菱威,190.00,0.00,,20,
2477,4147,52d1d96df6324fceabf41a31a9ffc8cc,越沃,125.00,0.00,0.00,42,
2478,4477,a1617c26798e45ec9288cf263ff805b9,菱威,550.00,0.00,,20,
2479,4490,618d891dbf5e46828f1bfe6bc45d634a,菱威,1900.00,0.00,,20,
2480,985,1941d82a442a4fabb0da2dd326c82f3f,菱威,45.00,0.00,,20,
2481,1844,e35affbeb7094ae9a87a9619ad064859,徽菱,1300.00,1469.00,1326.00,28,
2482,5557,f1eace3e4fd24cdcb8cfdfe9377efbf8,睿新,759.36,858.08,,76,
2483,4291,deddab2646934eb2b5ae7beb48abbeaf,宏鑫,0.00,0.00,,64,
2484,4447,a0557fb7e6b340f3ad0869d15f3d35a3,南希,1000.00,0.00,0.00,67,
2485,2020,2003a78d2c5a485191416986a4ac65b8,徽菱,1200.00,1356.00,1224.00,28,
2486,1976,f2f20b36e7684e9ca35a7b95b573235c,梯安,1060.00,1197.80,,18,
2487,5558,72bc74c5e4804a998872d231143da65e,菱威,220.00,0.00,,20,
2488,3466,c60ecbabda074edf83498a70c6bfc51a,南希,0.00,0.00,0.00,67,
2489,3763,edea7b9841154ce7b6b4531e37e8ad6d,南希,80.00,0.00,,67,
2490,1978,6dcf2c56932b4c23a6340cbdf362bc26,梯安,3500.00,3955.00,,18,
2491,3926,dff437a5ae4d43278dd1af9f3ab5c096,菱威,2200.00,0.00,,20,
2492,2043,4f0d1ddbc5e3412e9f37fdb217fc6fa6,梯安,3000.00,3390.00,,18,
2493,2118,346e68ecb1034d928903f5c94806afe5,菱威,690.00,779.70,,20,
2494,2118,346e68ecb1034d928903f5c94806afe5,梯安,720.00,813.60,,18,
2495,2078,f71298dfd25e44da997f72e91504022c,梯乎,1600.00,1808.00,,77,
2496,2134,c33b1c3328714a54ad5d10361f89dbbc,梯乎,1300.00,1469.00,,77,
2497,2224,5adbe4043bf04f4c98af48e280cad400,徽菱,1200.00,1356.00,1224.00,28,
2498,2173,54ae55589639424b8a8a3534a746ffcb,梯乎,670.00,757.10,,77,
2499,2342,51599615ee35455aa146c5fe7911ce35,徽菱,6000.00,6780.00,6120.00,28,
2500,2342,a2ff391cfc074381b32ea0911f074503,梯乎,800.00,904.00,,77,
2501,2342,9eec45dd12744571b8ff47ad829aa30d,徽菱,1000.00,1130.00,1020.00,28,
2502,4069,1e6f4ac088a84710ac2a2a74a73784bd,龙奥机电,148.67,168.00,,95,
2503,4009,8a37ac84da1a4c20b63d9fbff262fc28,越沃,2500.00,0.00,0.00,42,
2504,3984,73abaaace1a84aaeaaa2c9622ecfec59,菱威,1350.00,0.00,,20,
2505,3963,55a2b4d44b51479da4869bba1d5bdd1c,吉菱机电,7000.00,0.00,0.00,48,
2506,3931,74ca2b9d740540a9b3a0b8d7688fdb61,菱威,520.00,0.00,,20,
2507,3921,703dcdef14594a25b3c894671b16877f,湖州讯通,929.20,1050.00,,103,
2508,3921,703dcdef14594a25b3c894671b16877f,宏鑫,1008.85,1140.00,,64,
2509,3853,f194275a3e5e42f581abd5e3ed0e1e75,菱威,1350.00,0.00,,20,
2510,3820,2cb639dcff8b4c42a1dfe95173537ef6,菱威,230.00,0.00,,20,
2511,3777,70ed187655de4d5d992ca128878b7c1d,菱威,335.00,0.00,,20,
2512,3631,ac2ea5f08007471eb3807304827e3447,菱威,140.00,0.00,,20,
2513,3546,d22f43dca07044d896d5222a550fff30,菱威,5200.00,0.00,,20,
2514,3546,85f81b0dadf74ce2aa8cfcabc1dcddd9,菱威,2600.00,0.00,,20,
2515,3526,2fa1f7d6b4ec45ba896d1e92e1769ba3,菱威,420.00,0.00,,20,
2516,3170,e1a46611d0274d7ebd937d91256bf61a,菱威,6200.00,0.00,,20,
2517,3170,e1a46611d0274d7ebd937d91256bf61a,吉菱机电,6800.00,0.00,0.00,48,
2518,3166,8ea409275b9d405a9bca5bb4ca9f7b8d,菱威,1350.00,0.00,,20,
2519,3147,9ab0d0ed25c540d8847aa7fe9ef7af91,南希,1500.00,0.00,0.00,67,
2520,3147,9ab0d0ed25c540d8847aa7fe9ef7af91,菱威,1500.00,0.00,,20,
2521,3088,217da7632880455da2646d5cee68220b,菱威,450.00,0.00,,20,
2522,2938,3e6542e3c2644aff941d9d012bfab74d,宏鑫,1398.23,1580.00,,64,
2523,2878,4f0d4ef2161c46ba94903754fc4b007d,菱威,500.00,0.00,,20,
2524,2859,1e62cffef91a42d1ae4ac6022ba43238,宏鑫,787.61,890.00,,64,
2525,2859,1e62cffef91a42d1ae4ac6022ba43238,湖州讯通,663.72,750.00,,103,
2526,2859,58ccf8d03c4f4c3e8be3dbd74b7f2c81,湖州讯通,380.53,430.00,,103,
2527,2817,79864fa8b5d74833821ccb1ccaa20fb4,菱威,345.00,0.00,,20,
2528,2799,a9c96ec95dfc461d8bdfde8564e69223,菱威,265.00,0.00,,20,
2529,2287,6c8b095fb46444b681d3e97c6bf204b1,宏鑫,663.72,750.00,,64,
2531,2287,6c8b095fb46444b681d3e97c6bf204b1,湖州讯通,424.78,480.00,,103,
2532,2871,73cff392cecc4707bab1c8db7968ef7d,宏鑫,314.16,355.00,,64,
2533,2871,04b0691c878548de8cd0f01fcdfade6c,湖州讯通,269.91,305.00,,103,
2534,1667,6cdb8acb723f482c8f7e4c28b7fcf9f4,菱威,200.00,0.00,,20,
2535,5559,e7a416f665a14845a19cc0eb34b7157d,宏鑫,57.52,65.00,,64,special
2536,5559,e7a416f665a14845a19cc0eb34b7157d,湖州讯通,57.52,65.00,,103,
2537,1043,214de1f9ae1f4913a013130a7d548797,菱威,535.00,0.00,,20,
2538,5560,196da0153f5f4a689cb7b287c481bbc7,南希,180.00,0.00,0.00,67,
2539,1101,c6f2b319df384ebda765c3e943d149bb,菱威,13.00,0.00,,20,
2540,5561,5f971f23c33740eeaef8fca97203af97,徽菱,140.00,0.00,0.00,28,
2541,5561,c743cbbda0f5416e94eba70d9547a5d5,梯乎,260.00,0.00,0.00,77,
2542,1103,06b963cf92af41ffba4912592b5e6a31,菱威,0.00,0.00,,20,
2543,5562,29c523683e424493ba736e7788827667,菱威,1950.00,0.00,0.00,20,
2544,3596,8f67c59215d64a34ac013781882aab14,菱威,420.00,0.00,,20,
2545,1108,a95f2a7864a4477098f0c20f10524658,宜电,254.87,288.00,,11,
2546,1104,297bf2342e2f4c80932a9c45385493e1,菱威,33.00,0.00,,20,
2547,1132,20fc4029f71e41228bf6c6e548fa69e9,菱威,0.00,0.00,,20,
2548,1115,c9c45003645142668308bd5aa0585d07,菱威,110.00,0.00,,20,
2549,1140,6bebf3d9ab8a4184b6053ff3a8404852,菱威,70.00,0.00,,20,
2550,1336,9b2907f5399e4439954d23b252891c39,梯安,21500.00,24295.00,,18,
2551,1141,3a3286feb5444f91b4797fac0fa87de7,菱威,15.00,0.00,,20,
2552,1305,e7681d40cd254cc0b7d1bd48cf1e88bd,阿卡宋,17000.00,0.00,,8,
2553,3425,8687c6689d40410f9a25c551db0a725b,阿卡宋,15500.00,0.00,,8,
2554,1166,235794cbbf9b406eb17b4d9435e2e660,菱威,33.00,0.00,,20,
2555,1190,a481fdbaf6ad4f5bbd63e9691b0345bb,宜电,0.00,0.00,,11,
2556,1200,b48d7cab3ba143589f2ea795b999803e,菱威,0.00,0.00,,20,
2557,2070,08cd5812979040028b52f7e8ce8715b2,菱威,8.00,0.00,,20,
2558,2070,936d425d812146dcb17dd21b4fbe6813,菱威,15.00,0.00,,20,
2559,1126,db6cbf87f67c4463a7d8b3a4868f2b1e,宏鑫,384.96,435.00,,64,
2560,1205,92ed82a1343046baa71f1ba16d0a6804,菱威,0.00,0.00,,20,
2561,747,373e3508b0ac483cbacf3465f40686ba,菱威,135.00,0.00,,20,
2562,5563,1174486048154a968321476c6ef16fbd,菱威,340.00,0.00,,20,
2563,1126,db6cbf87f67c4463a7d8b3a4868f2b1e,湖州讯通,380.53,430.00,,103,
2564,1126,fe2081447d0f431082930448ea1f9488,湖州讯通,663.72,750.00,,103,
2565,1279,50e91bc61acf4e598e15ecaa16578044,宏鑫,3982.30,4500.00,,64,
2566,1279,50e91bc61acf4e598e15ecaa16578044,湖州讯通,3407.08,3850.00,,103,
2567,1444,d213a4d1c5c24dc2880c342008f3d6b5,湖州讯通,5504.42,6220.00,,103,
2568,1542,54005d826009417db3b7260aecdfcb9c,宏鑫,442.48,500.00,,64,
2569,1542,389982b0f1b14f72bcd35b1f652ced7f,湖州讯通,287.61,325.00,,103,
2570,2074,135c7b2ddbde405aa15671656829690f,宏鑫,442.48,500.00,,64,
2571,4615,f51214dae1314892a2bef7bc44bead50,宏鑫,61.95,70.00,,64,
2572,5564,d2b37904810f4ed9912456514c329002,宜电,38.50,43.50,,11,
2573,2910,16ed9b3b2cec492bbe12f037ceef577f,宏鑫,1150.44,1300.00,,64,
2574,2910,16ed9b3b2cec492bbe12f037ceef577f,湖州讯通,1106.19,1250.00,,103,
2575,470,0803ca0f887a46f1a80f96f4478c639d,阿卡宋,13500.00,0.00,,8,
2576,1216,c70bf024456048d99a04cdb6587ff91d,宜电,0.00,0.00,,11,
2577,1437,0d7a8a42126c4babb5eb18bb2f791f43,宜电,21.68,24.50,,11,
2578,1220,e319d25f26234c65aafce122936bcb7b,菱威,12.00,0.00,,20,
2579,1220,1e2094b9e6d44d9db9ce5514cd74fa31,菱威,29.00,0.00,,20,
2580,1220,1e2094b9e6d44d9db9ce5514cd74fa31,越沃,40.00,0.00,0.00,42,
2581,1221,ae740e0fdb19431ebe00f5502bf0898c,宜电,278.76,315.00,,11,
2582,5565,4ca082d0c11640888f225bc78d643e82,菱威,0.00,0.00,,20,
2583,2412,30a3b7835b814da580ac98dc400a310a,梯乎,2250.00,2542.50,,77,
2584,4825,40bd074fb4f144e29ad6239a421ed22c,菱威,75.00,0.00,,20,
2585,2222,cb7088fa5ff34ec0938300bb1eae6ba4,梯乎,2700.00,3051.00,,77,
2586,2222,d94c347537fb4109a13b43567e450910,梯乎,1800.00,2034.00,,77,
2587,2354,bd888e402e484a1e92dfb21376ad52c8,梯乎,270.00,305.10,,77,
2588,796,02142de21035400cbde7668e088cabb1,阿卡宋,20000.00,0.00,,8,
2589,5566,7e132cc991ef46c19ea9b63018376727,菱威,1380.00,0.00,,20,
2590,5567,664c2788dced46c6ad36de8042682afd,凌云,12.00,0.00,0.00,13,
2591,5568,7efc180ce3f54acca95fe84e7fb95da2,菱威,135.00,0.00,,20,
2592,830,4e2f5fddb86d4c488867888486f976a1,大周,42.00,47.46,,52,
2593,830,786fd56581b04597a1484ba345ee7585,大周,52.00,58.76,,52,
2594,2534,d016fe7925da4ed9ae6eefe2dbca0b00,梯乎,2677.00,3025.01,,77,
2595,2534,7f8f90136a5b4c56b9846232aecb7e9c,梯乎,1900.00,2147.00,,77,
2596,2670,8bdebe5dd5ac44eab992dcd04b5394bf,梯乎,240.00,271.20,,77,
2597,2670,8bdebe5dd5ac44eab992dcd04b5394bf,徽菱,210.00,237.30,214.20,28,
2598,2830,0616b309a4f14cbc8cc5a5d50c91fa17,梯乎,850.00,960.50,,77,
2599,2497,4472db953c214f289655a2454b7fddee,梯安,490.00,553.70,,18,
2600,2918,cb17bf8ead2e40819b3ec9489d5c4d16,宏鑫,831.86,940.00,,64,
2601,2918,cb17bf8ead2e40819b3ec9489d5c4d16,湖州讯通,752.21,850.00,,103,
2602,4499,513f0a3fe8c144fb9a4ce04556651706,菱威,245.00,0.00,,20,
2603,2628,e55f2e9986804bf0a2fbe9541c77e0d4,梯乎,900.00,1017.00,,77,
2604,2841,122829def1a846a7bcd840b43c06fee7,梯乎,1900.00,2147.00,,77,
2605,2841,c9eaf76a99af482dab68303cb10f14a2,梯乎,850.00,960.50,,77,
2606,2905,be9001c19b5f46669cca8be15dc9175f,徽菱,6500.00,7345.00,6630.00,28,
2607,82,a123a4a299f04f6c897c7ecc2b675751,宏鑫,141.59,160.00,,64,
2608,3040,62d9b5aee3e34f3f9560d2752378f819,宏鑫,1150.44,1300.00,,64,
2609,3040,d10fc5b3e89d412795372818e274fb77,湖州讯通,699.12,790.00,,103,
2610,3139,9a53c2f9d0b14168a134a8b2ab19be13,宏鑫,0.00,0.00,,64,
2611,2906,6d62d8bdb2254553b1f658bac87df605,梯乎,0.00,0.00,,77,
2612,3957,b7b5fc80d4d347f09e16335d90664921,宏鑫,1008.85,1140.00,,64,
2613,4812,0240e43797bd44c1a31a4a1547490121,徽菱,310.00,350.30,316.20,28,
2614,3140,ceef9711a026400080c97f4fb04bfc30,宏鑫,0.00,0.00,,64,
2615,2907,42f8b17d06ea4a08aecac4316257f033,梯乎,450.00,508.50,,77,
2616,2907,42f8b17d06ea4a08aecac4316257f033,徽菱,470.00,531.10,479.40,28,
2617,3193,229ec0d235ec4f07a982f1175a6ae372,宏鑫,548.67,620.00,,64,
2618,2940,e07843fbda8c4be891bad586be2c7d10,徽菱,340.00,384.20,346.80,28,
2619,3193,cf13a6c416bd4734847adfc3e48175af,湖州讯通,402.65,455.00,,103,
2620,3506,bc09f87db575482e8b265bbbea1aa874,宏鑫,1221.24,1380.00,,64,
2621,3506,bc09f87db575482e8b265bbbea1aa874,湖州讯通,902.65,1020.00,,103,
2622,3739,49879e428f124f20bf9aa96a59ec15c3,众思创,230.09,260.00,,9,
2623,5569,ea8d4a39c33b4dd19f1b40702703bf44,众思创,0.00,0.00,,9,
2624,5570,fb6f365ab37a4de3aa0e977d8efdfca0,菱威,520.00,0.00,,20,
2625,2993,9d553b45427a465a9459dc0636eb87ae,徽菱,155.00,175.15,158.10,28,
2626,3967,c2136bc0e74140508726d63f3c8fc219,湖州讯通,199.12,225.00,,103,
2627,2442,0dd2051dbaa64b7f92cb261b14098453,菱威,280.00,0.00,,20,
2628,2447,7e6547026fd242b1aa6a78b7a9fef0f4,南希,4000.00,0.00,,67,
2629,5571,83f1061ca0a3406b9c6f1ad65ea22d3e,菱威,2950.00,0.00,,20,
2630,2468,149ab24c63a347a9ac77eb5c6a7003cd,菱威,2700.00,0.00,,20,
2631,5572,566a815d9f0d4a1585c401a30c23bca3,菱威,17500.00,0.00,,20,
2632,5572,ebaef8a54cae4918b36c00977686744e,菱威,7700.00,0.00,,20,
2633,2469,26a0b6f6d38d4dac874117c55e9092f1,菱威,3150.00,0.00,,20,
2634,5573,42f6496204b64d05982a0bb5bb11dceb,丽景恒泰,350.00,0.00,,84,
2635,5573,42f6496204b64d05982a0bb5bb11dceb,菱威,480.00,0.00,,20,
2636,5574,d1c86266f29746dbb2c5a36a166c131d,丽景恒泰,180.00,0.00,,84,
2637,5574,d1c86266f29746dbb2c5a36a166c131d,菱威,210.00,0.00,,20,
2638,5575,108eca25a9fc419ea0d71e0d17e06abc,宏鑫,6902.65,7800.00,,64,
2639,5576,cbf54711f490459da35535f6cb7164d2,菱威,900.00,0.00,,20,
2640,3005,b145c02395984df79b411c308fce9af1,菱威,65.00,0.00,,20,
2641,1998,e74a340abdbd495a8c3f84febf9625e1,菱威,240.00,0.00,,20,
2642,3241,ec597944a69c4f20a99e13963416d422,凌云,7.00,0.00,0.00,13,
2643,1891,2fe21f38cf9d469d8ea17b127cc8b1b3,菱威,1050.00,0.00,0.00,20,"no_tax,special,general"
2644,3536,52770cfe03534e6c81e489270d7cc111,菱威,2000.00,0.00,,20,
2645,5577,a592b90a1dc44c48940b8db8df1521ab,菱威,95.00,0.00,,20,
2646,3541,c806fd560cd54a5b96fca39d8c3b2ca2,菱威,460.00,0.00,,20,
2647,3844,05fdf77dbb644cae86735f09c6c0d732,越沃,420.00,0.00,0.00,42,
2648,3844,05fdf77dbb644cae86735f09c6c0d732,菱威,400.00,0.00,,20,
2649,3845,209df2a89c504b7ca0ab914241ba8c4d,菱威,580.00,0.00,,20,
2650,3845,209df2a89c504b7ca0ab914241ba8c4d,越沃,620.00,0.00,0.00,42,
2651,2051,03c40a1aa0fa471d8fcd231c2d6d7ceb,菱威,980.00,0.00,,20,
2652,1891,2fe21f38cf9d469d8ea17b127cc8b1b3,越沃,1150.00,0.00,0.00,42,
2654,3350,05871ecc8b224d19aae9019366dcdd3b,菱威,54.00,0.00,,20,
2655,1222,2b714815fc394be5b80ebad66436e0e3,菱威,28.00,0.00,,20,
2656,1075,79bd33820ff3462eb7849f8b01ea4e39,菱威,135.00,152.55,,20,
2657,1224,144aaaf769dd4f8e8349603db03e5e99,菱威,160.00,0.00,,20,
2658,1225,80eb8f89fbf244bc9fd1ba189cef58fc,菱威,240.00,0.00,,20,
2659,5579,773f0c29a96141eb85d679f2d37675cc,菱威,1150.00,0.00,0.00,20,"no_tax,special,general"
2660,1226,bc8b0c6dfa0c4af0900760622f656b70,菱威,590.00,0.00,,20,
2661,5578,0206b725b6cc4fff96db076a86e757ea,菱威,880.00,0.00,0.00,20,"no_tax,special,general"
2662,1237,7940af77abaa4351857e778cab7f27a3,宜电,0.00,0.00,,11,
2663,5579,773f0c29a96141eb85d679f2d37675cc,越沃,1250.00,0.00,0.00,42,
2664,5580,47f0623a9ebd43b3b52a51a91b87212b,宜电,51.77,58.50,,11,
2665,3052,cbecd7dcfdcd4efa953238323eab22b1,梯乎,340.00,384.20,,77,
2666,3157,f94a9cbfa4a74c1ca2c19aa5fa46780e,梯安,220.00,248.60,,18,
2667,3157,f94a9cbfa4a74c1ca2c19aa5fa46780e,菱威,215.00,242.95,,20,no_tax
2668,2424,2686b393164449ec81db7506021dc3ca,菱威,17.00,0.00,,20,
2669,2424,dcd49e986964484182e02758143451a9,菱威,15.00,0.00,,20,
2670,2424,dcd49e986964484182e02758143451a9,亿龙,14.88,0.00,0.00,74,
2671,1127,88b1759011e64a8ba9cd88d7d56e183a,菱威,135.00,152.55,,20,
2672,5581,a98ec805cd304fcfa45e9e6bfe42f9be,菱威,2700.00,0.00,,20,
2673,5582,51c55a5b571e45d187a06744bba1360a,菱威,0.00,0.00,,20,
2674,5583,8a210834478e4a3abbdb14f3c277e579,菱威,1700.00,0.00,,20,
2675,1167,d19145633467404c996ca22461f29ff8,菱威,140.00,158.20,,20,
2676,1899,5ff339d4d7ec4d0baf6308e9ad2e337b,菱威,850.00,0.00,,20,
2677,4877,1738c6130008484fab995ffdfed3a23a,菱威,45.00,0.00,,20,
2678,5584,295dcc707c1c467290dcb75873c42c14,梯乎,800.00,904.00,,77,
2679,3073,ccfe3a603e744288b8700379b0f6106e,菱威,60.00,0.00,,20,
2680,5585,7e54728751e24a9d99ca7883011f714e,菱威,115.00,0.00,,20,
2681,5586,b7631e312e40487c8cd6bd4aba1bba83,菱威,55.00,0.00,,20,
2682,295,bf2512d3a9d0418cba63d40e507b2422,梯安,1170.00,0.00,,18,
2683,295,bf2512d3a9d0418cba63d40e507b2422,菱威,1250.00,0.00,,20,
2684,5,2189a28f2103493fa514acadc09d8f4e,菱威,3200.00,0.00,,20,
2685,5587,b6ab84c134c845fba022822f3ffaae11,菱威,75.00,0.00,,20,
2686,3400,e89e4932dadc48e3b74d6e59ac800d81,徽菱,4500.00,5085.00,4590.00,28,
2687,5587,b6ab84c134c845fba022822f3ffaae11,越沃,100.00,0.00,0.00,42,
2688,5588,4c37a7b0cb624197b80b1f7fb1b8bd25,梯乎,230.00,0.00,0.00,77,
2689,3400,f609f86ad98e48da8e9926cab4f76d1a,梯乎,1400.00,1582.00,,77,
2690,5587,b6ab84c134c845fba022822f3ffaae11,吉菱机电,90.00,0.00,0.00,48,
2691,5588,4c37a7b0cb624197b80b1f7fb1b8bd25,徽菱,240.00,0.00,0.00,28,
2692,1366,3e0c485113624536b128ae0ec6f6c226,徽菱,4350.00,4915.50,4437.00,28,
2693,1370,5093e8f988274b13bc3a18c805b386bd,徽菱,1200.00,1356.00,1224.00,28,
2694,1370,a794aaa0a4324b969abfee009c809876,徽菱,3200.00,3616.00,3264.00,28,
2695,4821,9bfecdc6480242569050485e47a36bbc,众思创,0.00,120.00,0.00,9,
2696,1490,520cc41843f242d0b9df29b1fc9ad8e9,徽菱,6000.00,6780.00,6120.00,28,
2697,5589,7f5cb820bda949b99ef81d479210ef3b,凌云,9.00,0.00,0.00,13,
2698,4917,d7089f626a15433e8541a4bbaffc4d41,吉菱机电,150.00,0.00,0.00,48,
2699,4917,f389b2c188b3483da739c6be29540aab,吉菱机电,160.00,0.00,0.00,48,
2700,1576,e0e2b2b62bfc47129f807f8fe0c837be,湖州讯通,1601.77,1810.00,,103,special
2701,1576,e0e2b2b62bfc47129f807f8fe0c837be,宏鑫,1840.71,2080.00,,64,
2702,2379,e3cf44b150a545eda0539f3021e75799,菱威,50.00,0.00,,20,
2703,5590,ba70339985414f919ee4dd5b110699bb,菱威,5150.00,0.00,,20,
2704,1238,b8cea86fec5b4d86b3197569c4922b51,菱威,670.00,0.00,,20,
2705,1378,bae48b69c7e84fefbc24d6837d3396f5,徽菱,3400.00,3842.00,3468.00,28,
2706,5591,4401a624d25f473e9687f4577c14fa79,阿卡宋,450.00,0.00,,8,
2707,1215,440d8c07783a4ecc86cbe9c88063290e,菱威,3650.00,0.00,0.00,20,"no_tax,special,general"
2708,1215,440d8c07783a4ecc86cbe9c88063290e,越沃,3800.00,0.00,3800.00,42,
2709,3240,b5aaaded264540e9a19ec137b43c84f8,菱威,85.00,0.00,,20,
2710,5592,be38a1ae1ac64335b8eb97c3353c11d0,菱威,100.00,0.00,0.00,20,"no_tax,special,general"
2711,190,bce7d827aba24742b3cab092c5d127af,菱威,260.00,0.00,,20,
2712,3478,246a6e5085274e51a4347ac91eb6964d,徽菱,800.00,904.00,816.00,28,
2713,3478,246a6e5085274e51a4347ac91eb6964d,梯乎,450.00,508.50,,77,
2714,404,dcdae33bcd484ea98d0e31c706765e26,南希,100.00,0.00,0.00,67,"no_tax,special,general"
2715,404,dcdae33bcd484ea98d0e31c706765e26,湖州讯通,101.77,115.00,,103,
2716,404,dcdae33bcd484ea98d0e31c706765e26,宏鑫,115.04,130.00,,64,
2717,3519,cc3b1b7bbc3e4e9db38bfb3fe399be12,梯乎,450.00,508.50,,77,
2718,3519,cc3b1b7bbc3e4e9db38bfb3fe399be12,徽菱,360.00,406.80,367.20,28,no_tax
2719,3379,0337654559944482a4a55e118419d512,南希,75.00,0.00,0.00,67,"no_tax,special,general"
2720,3556,5fbcd5f3cb124e11ba719c70132af31f,梯安,3900.00,4407.00,,18,
2721,1453,923fb7b0877e4e4e9c070c94e6b0cf5f,菱威,340.00,384.20,,20,
2722,1164,e277dc64318c4ad9addd19e3fb9b68da,湖州讯通,132.74,150.00,,103,special
2723,5296,5a7992b7ac7d488d802f42bcb00371c2,菱威,150.00,0.00,,20,
2724,1164,35d6df5164464dc4abc4aa16f271f5aa,宏鑫,172.57,195.00,,64,
2725,2115,2c0e8d8683e0430e82a217e44df39f46,菱威,38.00,0.00,,20,
2726,5220,c2e7a64736854f0db9a4ab9a876a7640,菱威,80.00,0.00,,20,
2727,3556,fb4a81164bde44428abca71442265183,梯乎二手,1730.09,1955.00,,88,
2728,5593,85b3154f80f14446975e05c004b2d31b,菱威,26.00,0.00,,20,"no_tax,special,general"
2729,5594,2d1502f430e3430cbfe0374e8593da4b,湖州讯通,51.33,58.00,,103,special
2730,5595,a117c31594e24138b4d71087213889e5,菱威,100.00,0.00,,20,
2731,3654,33b5e2efffe24be1963e4e55d3c660fc,菱威,2000.00,2260.00,,20,
2732,5594,2d1502f430e3430cbfe0374e8593da4b,宏鑫,60.18,68.00,,64,
2734,1762,38dc4cf4fa3e4493bb41a58afd68bb1e,湖州讯通,51.33,58.00,,103,special
2735,1762,38dc4cf4fa3e4493bb41a58afd68bb1e,宏鑫,76.11,86.00,,64,
2736,3656,bb0c6fe25d2a4b658d835a0bdf4349ba,梯安,1800.00,2034.00,,18,
2737,5596,7e27eb97d70842d8beb532ad4aacaf06,湖州讯通,46.02,52.00,,103,special
2738,5596,7e27eb97d70842d8beb532ad4aacaf06,宏鑫,54.87,62.00,,64,
2739,5219,9449470e32ee40c48935e683798d52e1,菱威,375.00,0.00,,20,
2740,5169,2c4193d08ac44e28ac4707ec52f0eb97,菱威,27.00,0.00,,20,"no_tax,special"
2741,1233,6f1d9775d3fd4d65a966c43806bd098b,菱威,0.00,0.00,,20,no_tax
2742,4049,05f4c31dcb4148e89998903bb2843f56,徽菱,3000.00,3390.00,3060.00,28,
2743,1234,28119491fd7549ac9c6a5ae34c423e5e,菱威,0.00,0.00,,20,
2744,44,ffa840a0510a42f5a0c3e6873c59eaf9,菱威,27.00,30.51,,20,
2745,4055,c55ce335e104451a9883606e214d9cb5,梯乎,360.00,406.80,,77,
2746,4056,a1e10142234843b5b2d0d12277e511e9,梯安,7600.00,8588.00,,18,
2747,4736,9c7e2e05d0f44d4091b6a1214d20ff9f,梯安,32800.00,0.00,,18,"no_tax,special"
2749,4765,450504fac5ad45c48d6ee95b4e74b92f,梯乎,4200.00,0.00,4200.00,77,"no_tax,special,general"
2750,4171,d7318d07bb9541ab9a544009e303942c,梯乎,300.00,339.00,,77,
2751,1673,07554ca1529742b196c5dbeb75d71ed2,菱威,160.00,180.80,,20,"no_tax,special"
2752,4171,d7318d07bb9541ab9a544009e303942c,徽菱,300.00,339.00,,28,
2753,4196,b04c35543ea24f4a8559209f273509f7,徽菱,3300.00,3729.00,3366.00,28,
2754,3473,e5cf1aa7344241baa82e162073ea6482,菱威,230.00,0.00,,20,"no_tax,special"
2755,5203,b2d3c782c67842faa37997a98005b9ad,宏鑫,451.33,510.00,,64,special
2756,5137,f8dd4b48de4e4c79909872711baf3b82,宏鑫,58407.08,66000.00,,64,special
2757,3457,f58cd5f58118475c895dd4f36208f0da,菱威,1800.00,0.00,,20,"no_tax,special"
2758,1769,235a36a6c04446068ff990306e056804,菱威,110.00,124.30,,20,
2759,5136,245e5274379b4986a39592cee6353ccb,宏鑫,2920.35,3300.00,,64,special
2760,5136,3cf645b48c914d52a535268cdab34fee,宏鑫,2920.35,3300.00,,64,special
2761,5598,cc73d993e23141778812e60f0a1e3666,菱威,680.00,768.40,,20,"no_tax,special"
2762,5597,72eb7a85a12f403b9599ae20b370e5e1,南希,0.00,0.00,0.00,67,no_tax
2763,3456,d06771d3e771428d8ed3b0b68e78cc4b,南希,50.00,0.00,0.00,67,"no_tax,special,general"
2764,1781,2c055b6071d04416bbd63bfd270c561b,菱威,680.00,768.40,,20,"no_tax,special"
2765,3450,ff28b475d1774519907fbb2a07d17756,南希,600.00,0.00,0.00,67,"no_tax,special,general"
2766,5599,9ae7f2c083e54c56adebea1c0edf8974,南希,110.00,0.00,0.00,67,"no_tax,special,general"
2767,3450,ff28b475d1774519907fbb2a07d17756,梯乎,0.00,0.00,750.00,77,
2768,3430,1e2a60f9238a4157a3be2f6f11d15d69,南希,1550.00,0.00,0.00,67,"no_tax,special,general"
2769,3397,3fe23558cbad4253b3460340c67526d5,丽景恒泰,1500.00,0.00,,84,"no_tax,special"
2770,1870,0b0f90e607c54ba7a05d99e16ac915cb,菱威,120.00,135.60,,20,"no_tax,special"
2771,1807,3a4f71eaecfa4a53a0087eca3715eec4,菱威,385.00,435.05,,20,"no_tax,special"
2772,5601,41184efaeff448409b50203e8add7314,梯安,520.00,587.60,,18,
2773,5600,9651c9581c9f406587a51baa766a64da,茂旺,420.00,0.00,0.00,10,"no_tax,special,general"
2774,5602,207d3a2061514e7ba23d4690bb3412ef,茂旺,600.00,0.00,0.00,10,"no_tax,special,general"
2775,5603,6763d0f114994d329fd40465372e2df6,茂旺,469.03,530.00,0.00,10,"special,general"
2776,5605,d75a19aae4914dcc854ffdf2f9e38735,茂旺,520.00,0.00,0.00,10,"no_tax,special,general"
2777,5604,e95a29afd89e4c16912c6c4cc12e963f,梯乎,300.00,339.00,,77,
2778,5606,7aeb6acad95c413bb858cb897245bc87,菱威,350.00,0.00,,20,"no_tax,special"
2779,1923,325c1dfdd97b496b811e3bf0de656c84,越沃,0.00,,75.00,42,"special,general"
2780,1923,98333e6971954fb4b6db177ffdc88110,越沃,,,100.00,42,general
2781,1948,4c88c590d0ca4a7b872a33113af8c62a,宏鑫,1106.19,1250.00,,64,special
2782,4076,97d9979f25b94632bf6e1b3951a8d6a7,吉菱机电,460.00,519.80,,48,"no_tax,special,general"
2783,5607,aa8eb57b2e984ac2b23db337aebe42ea,梯乎,600.00,678.00,,77,
2784,1951,f29d3edae7c744a6b80e5988df2640f5,越沃,,,60.00,42,general
2785,5607,2d93d30936954d37afd7c8c385c563b2,徽菱,150.00,169.50,153.00,28,
2786,1993,add1a2d20d894dd6b3d56c838849efaf,菱威,90.00,101.70,,20,"no_tax,special"
2787,5608,246aee15f01d470c8aa9d88d1bdbd1d0,菱威,1150.00,0.00,,20,"no_tax,special"
2788,5609,c6bd798fa88242f3b2527aec64143e42,菱威,120.00,0.00,,20,no_tax
2789,1230,81a0545b31e94be98ae2b0939e1fb6ec,菱威,205.00,0.00,,20,"no_tax,special"
2790,2007,1f7a15b4095a446faa151d9ae3d077ef,菱威,1380.00,1559.40,,20,no_tax
2791,1253,3ca53dbf1f434ac18ce26721c03422fe,宜电,0.00,0.00,,11,special
2792,5610,8293eca82d88488399beb97d214e7210,宜电,92.92,105.00,,11,special
2793,5559,e7a416f665a14845a19cc0eb34b7157d,菱威,55.00,0.00,0.00,20,"no_tax,general"
2794,5611,f9b186ba25724623b67d92c5eae706cd,越沃,78.00,0.00,0.00,42,"no_tax,special,general"
2795,5611,fa769bdbcea14c50b489cc0e35fef3b5,越沃,78.00,0.00,0.00,42,"no_tax,special,general"
2796,5611,455e5682a6a844859532b949df7eecb5,越沃,78.00,0.00,0.00,42,"no_tax,special,general"
2797,3404,859f3ce47ee1431da74f0c0162849146,菱威,15.00,16.95,,20,"no_tax,special"
2798,4219,438f68d944be4e75884175e0e59b774a,湖州讯通,1203.54,1360.00,,103,special
2799,4219,eb18254bda8e45b19526fc8bde880b1f,湖州讯通,451.33,510.00,,103,special
2800,5612,ede36d3fb2d94ac094d024a2e818575f,菱威,55.00,0.00,0.00,20,"no_tax,special,general"
2801,2516,147ae503fcff44e5afa88fb981e8aa08,展力,451.33,510.00,,5,special
2802,2848,53f2378b03944c10b1010cf898fff523,展力,513.27,580.00,,5,special
2803,2265,0b6c0ba082ae44b8a1ac1fdb1b4e9c15,菱威,24.00,0.00,,20,"no_tax,special"
2804,5613,6bed3c7985204a09929ddc75008facda,茂旺,345.13,390.00,0.00,10,"special,general"
2805,5613,0dcf04456fe54d83b94a1f53f55a6ec3,展力,336.28,380.00,,5,special
2806,2853,48a558407c7c42c39643ecb9cfa33d83,穆勒,371.68,420.00,,41,special
2807,2855,b6201d4dbea84c638fa4556145cd726c,穆勒,353.98,400.00,,41,special
2808,2856,c09bc62903584f1d905a5cca3585c22a,穆勒,353.98,400.00,,41,special
2809,2875,2cdc3ebb08614a18a20539594f78ac59,展力,628.32,710.00,,5,special
2810,2876,bc41206bc1dd4d12a1f3dbe08a2eaa47,茂旺,950.00,0.00,0.00,10,"no_tax,special,general"
2811,2954,2331368f5dba41899f8eb3cc70b5771d,穆勒,557.52,630.00,,41,special
2812,2958,b59ad7d35047472194759a1ca2a990d2,穆勒,336.28,380.00,,41,special
2813,1417,25762538a6a14723b3799afe8bf9bf39,梯乎,50.00,56.50,,77,
2814,2996,8ff177060eb14a90939615e68a74409e,穆勒,398.23,450.00,,41,special
2815,1417,d9326ec0c6e2479f8ddde88825dca6e4,徽菱,280.00,316.40,285.60,28,
2816,2997,dbf31475da014e2091759c100c825083,穆勒,371.68,420.00,,41,special
2817,2998,c7e5b681b08545f292156a5a6fd74618,穆勒,486.73,550.00,,41,special
2818,2999,ba2bece5c15d4263b07728c7998ae12d,展力,460.18,520.00,,5,special
2819,3030,a1b53f91e1404b148a90a2ef9b1c4209,茂旺,450.00,0.00,0.00,10,"no_tax,special,general"
2820,5614,3dc46ff682c54c769f4dda37d6877ff1,众思创,411.50,465.00,,9,
2821,3036,28a39d340ee0467cb2a20377128b3479,茂旺,550.00,0.00,0.00,10,"no_tax,special,general"
2822,3036,efd863cc72384b56bee5392f4da4e38e,展力,451.33,510.00,,5,special
2823,5615,4c26f0f3731843a08e01da3218f80f12,众思创,0.00,0.00,,9,
2824,3210,86c28b820f5644eaa968e239b1d09bee,茂旺,600.00,0.00,0.00,10,"no_tax,special,general"
2825,3212,f8bef4817703407ca09e4044fb7f950d,穆勒,353.98,400.00,,41,special
2826,4639,57b569f8b0ee419295b8be8ac4b99f33,众思创,283.19,320.00,,9,
2827,4214,dba87db9c7e34e8cba4f1e8cfd81ed51,徽菱,2800.00,3164.00,2856.00,28,
2828,3213,e3bbea9f24db4eacb50681b5ae046f38,穆勒,398.23,450.00,,41,special
2829,3217,0b68837b4734403398b1163f24c8a155,穆勒,371.68,420.00,,41,special
2830,196,c0b748375b244ceb9ceb2c66264e5fcd,菱威,130.00,0.00,,20,"no_tax,special"
2831,3218,56689c6bdd1441edb31361b56fa6e9a3,茂旺,670.00,0.00,0.00,10,"no_tax,special,general"
2832,5616,25e17004db8342da9cb5e900dd52da1e,沈阳蓝光,3097.35,3500.00,,107,special
2833,63,d4035bc880ae43578020a338886a30a4,菱威,16.00,0.00,,20,"no_tax,special"
2834,5617,a1a303872b0444a0b10c0db0b5d8deb0,亿龙,16.00,0.00,0.00,74,"no_tax,special,general"
2835,5618,9c5660d3e5b843f1a5be4142a6752056,南希,170.00,0.00,0.00,67,
2836,5618,9c5660d3e5b843f1a5be4142a6752056,吉菱机电,145.00,0.00,0.00,48,"no_tax,special,general"
2837,5619,572fd0e3fb6f478292cc284eeb064c1c,丽景恒泰,2000.00,2260.00,,84,special
2838,3442,38637bb255d3400cb809311dd71f1493,越沃,,,5.50,42,general
2839,3067,6e312a15b5b346f8b93b6bc6160d4207,南希,28.00,31.64,28.84,67,no_tax
2840,875,74ddaa6e5563414695bbc786f96d61a3,南希,28.00,0.00,0.00,67,"no_tax,special,general"
2841,3067,2e2f3d19997a40ec9a168f9e5ef2c377,越沃,13.00,0.00,0.00,42,"no_tax,special,general"
2842,875,74ddaa6e5563414695bbc786f96d61a3,菱威,31.86,36.00,,20,
2843,3067,6e312a15b5b346f8b93b6bc6160d4207,越沃,33.00,0.00,0.00,42,"special,general"
2844,2089,ec72194c989e4a8b8ea1559d11d0975f,菱威,70.00,79.10,,20,no_tax
2845,5620,783093e0d6fb45b8bc73ec8b5f79c53a,众思创,0.00,490.00,0.00,9,"no_tax,special,general"
2846,5621,77e38a441fa441c88c631c2f22bf7c53,菱威,105.00,0.00,,20,"no_tax,special"
2847,3899,79f56002777b4e0d9d9356f02672bb20,菱威,110.00,0.00,,20,"no_tax,special"
2848,4718,cb213d0067ce4e98999d9c6e73118bda,菱威,35.00,0.00,,20,special
2849,2332,8b11ad8baa504e6da99509feeb70d5f3,菱威,26.00,0.00,,20,"no_tax,special"
2850,5622,1c034d6393e14eae901341e8271b3c2d,菱威,0.00,0.00,,20,"no_tax,special"
2851,66,ba8c50b3bba04bc7a519c77b0c7455b9,越沃,90.00,0.00,0.00,42,"no_tax,special,general"
2852,66,ba8c50b3bba04bc7a519c77b0c7455b9,菱威,98.00,0.00,0.00,20,
2853,66,ba8c50b3bba04bc7a519c77b0c7455b9,亿龙,115.00,0.00,0.00,74,
2854,2604,22c98f93cb3e4907bbad07e4bec03125,新动力,580.00,0.00,,49,"no_tax,special"
2855,2397,509bc53dac1f4b4db81cfea44e5e4d81,菱威,110.00,0.00,,20,"no_tax,special"
2856,5623,a4b50e21b2c545df80cbf73c58fcd70a,菱威,0.00,0.00,,20,"no_tax,special"
2857,5624,500d966fe77a4fb2b96c9bcd64c76aa6,菱威,260.00,0.00,,20,"no_tax,special"
2858,2692,39c43f35a48c4e62af9920e9276777fb,阿卡宋,800.00,904.00,,8,no_tax
